2014-05-06-12-54-54,tags,stereo_centre_01,stereo_left_01,stereo_right_01,vo,mono_left_01,mono_right_01,mono_rear_01,lms_front_01,lms_rear_01,ldmrs_01,gps
2014-05-06-13-09-52,tags,stereo_centre_01,stereo_left_01,stereo_right_01,vo,mono_left_01,mono_right_01,mono_rear_01,lms_front_01,lms_rear_01,ldmrs_01,gps
2014-05-06-13-14-58,tags,stereo_centre_01,stereo_left_01,stereo_right_01,vo,mono_left_01,mono_right_01,mono_rear_01,lms_front_01,lms_rear_01,ldmrs_01,gps
2014-05-06-13-17-51,tags,stereo_centre_01,stereo_left_01,stereo_right_01,vo,mono_left_01,mono_right_01,mono_rear_01,lms_front_01,lms_rear_01,ldmrs_01,gps
2014-05-14-13-46-12,tags,stereo_centre_01,stereo_left_01,stereo_right_01,vo,mono_left_01,mono_right_01,mono_rear_01,lms_front_01,lms_rear_01,ldmrs_01,gps
2014-05-14-13-50-20,tags,stereo_centre_01,stereo_left_01,stereo_right_01,vo,mono_left_01,mono_right_01,mono_rear_01,lms_front_01,lms_rear_01,ldmrs_01,gps
2014-05-14-13-53-47,tags,stereo_centre_01,stereo_left_01,stereo_right_01,vo,lms_front_01,lms_rear_01,ldmrs_01,gps
2014-05-14-13-59-05,tags,stereo_centre_01,stereo_left_01,stereo_right_01,vo,lms_front_01,lms_rear_01,ldmrs_01,gps
2014-05-19-12-51-39,tags,stereo_centre_01,stereo_centre_02,stereo_left_01,stereo_left_02,stereo_right_01,stereo_right_02,vo,mono_left_01,mono_left_02,mono_right_01,mono_right_02,mono_rear_01,mono_rear_02,lms_front_01,lms_front_02,lms_rear_01,lms_rear_02,ldmrs_01,ldmrs_02,gps
2014-05-19-13-05-38,tags,stereo_centre_01,stereo_centre_02,stereo_left_01,stereo_left_02,stereo_right_01,stereo_right_02,vo,mono_left_01,mono_left_02,mono_right_01,mono_right_02,mono_rear_01,mono_rear_02,lms_front_01,lms_front_02,lms_rear_01,lms_rear_02,ldmrs_01,ldmrs_02,gps
2014-05-19-13-20-57,tags,stereo_centre_01,stereo_centre_02,stereo_left_01,stereo_left_02,stereo_right_01,stereo_right_02,vo,mono_left_01,mono_left_02,mono_right_01,mono_right_02,mono_rear_01,mono_rear_02,lms_front_01,lms_front_02,lms_rear_01,lms_rear_02,ldmrs_01,ldmrs_02,gps
2014-06-23-15-14-44,tags,stereo_centre_01,stereo_left_01,stereo_right_01,vo,mono_left_01,mono_right_01,mono_rear_01,lms_front_01,lms_rear_01,ldmrs_01,gps
2014-06-23-15-36-04,tags,stereo_centre_01,stereo_left_01,stereo_right_01,vo,mono_left_01,mono_right_01,mono_rear_01,lms_front_01,lms_rear_01,ldmrs_01,gps
2014-06-23-15-41-25,tags,stereo_centre_01,stereo_left_01,stereo_right_01,vo,mono_left_01,mono_right_01,mono_rear_01,lms_front_01,lms_rear_01,ldmrs_01,gps
2014-06-23-15-46-19,tags,stereo_centre_01,stereo_centre_02,stereo_left_01,stereo_left_02,stereo_right_01,stereo_right_02,vo,mono_left_01,mono_left_02,mono_right_01,mono_right_02,mono_rear_01,mono_rear_02,lms_front_01,lms_front_02,lms_rear_01,lms_rear_02,ldmrs_01,ldmrs_02,gps
2014-06-24-14-09-07,tags,stereo_centre_01,stereo_left_01,stereo_right_01,vo,mono_left_01,mono_right_01,mono_rear_01,lms_front_01,lms_rear_01,ldmrs_01,gps
2014-06-24-14-15-17,tags,stereo_centre_01,stereo_left_01,stereo_right_01,vo,mono_left_01,mono_right_01,mono_rear_01,lms_front_01,lms_rear_01,ldmrs_01,gps
2014-06-24-14-20-41,tags,stereo_centre_01,stereo_left_01,stereo_right_01,vo,mono_left_01,mono_right_01,mono_rear_01,lms_front_01,lms_rear_01,ldmrs_01,gps
2014-06-24-14-47-45,tags,stereo_centre_01,stereo_centre_02,stereo_left_01,stereo_left_02,stereo_right_01,stereo_right_02,vo,mono_left_01,mono_left_02,mono_right_01,mono_right_02,mono_rear_01,mono_rear_02,lms_front_01,lms_front_02,lms_rear_01,lms_rear_02,ldmrs_01,ldmrs_02,gps
2014-06-24-15-03-07,tags,stereo_centre_01,stereo_centre_02,stereo_left_01,stereo_left_02,stereo_right_01,stereo_right_02,vo,mono_left_01,mono_left_02,mono_right_01,mono_right_02,mono_rear_01,mono_rear_02,lms_front_01,lms_front_02,lms_rear_01,lms_rear_02,ldmrs_01,ldmrs_02,gps
2014-06-25-16-22-15,tags,stereo_centre_01,stereo_left_01,stereo_right_01,vo,mono_left_01,mono_right_01,mono_rear_01,lms_front_01,lms_rear_01,ldmrs_01,gps
2014-06-25-16-45-34,tags,stereo_centre_01,stereo_centre_02,stereo_left_01,stereo_left_02,stereo_right_01,stereo_right_02,vo,mono_left_01,mono_left_02,mono_right_01,mono_right_02,mono_rear_01,mono_rear_02,lms_front_01,lms_front_02,lms_rear_01,lms_rear_02,ldmrs_01,ldmrs_02,gps
2014-06-25-17-02-32,tags,stereo_centre_01,stereo_centre_02,stereo_left_01,stereo_left_02,stereo_right_01,stereo_right_02,vo,mono_left_01,mono_left_02,mono_right_01,mono_right_02,mono_rear_01,mono_rear_02,lms_front_01,lms_front_02,lms_rear_01,lms_rear_02,ldmrs_01,ldmrs_02,gps
2014-06-26-08-53-56,tags,stereo_centre_01,stereo_left_01,stereo_right_01,vo,mono_left_01,mono_right_01,mono_rear_01,lms_front_01,lms_rear_01,ldmrs_01,gps
2014-06-26-09-24-58,tags,stereo_centre_01,stereo_left_01,stereo_right_01,vo,mono_left_01,mono_right_01,mono_rear_01,lms_front_01,lms_rear_01,ldmrs_01,gps
2014-06-26-09-31-18,tags,stereo_centre_01,stereo_centre_02,stereo_centre_03,stereo_centre_04,stereo_left_01,stereo_left_02,stereo_left_03,stereo_left_04,stereo_right_01,stereo_right_02,stereo_right_03,stereo_right_04,vo,mono_left_01,mono_left_02,mono_left_03,mono_left_04,mono_right_01,mono_right_02,mono_right_03,mono_right_04,mono_rear_01,mono_rear_02,mono_rear_03,mono_rear_04,lms_front_01,lms_front_02,lms_front_03,lms_front_04,lms_rear_01,lms_rear_02,lms_rear_03,lms_rear_04,ldmrs_01,ldmrs_02,ldmrs_03,ldmrs_04,gps
2014-06-26-09-53-12,tags,stereo_centre_01,stereo_centre_02,stereo_centre_03,stereo_centre_04,stereo_left_01,stereo_left_02,stereo_left_03,stereo_left_04,stereo_right_01,stereo_right_02,stereo_right_03,stereo_right_04,vo,mono_left_01,mono_left_02,mono_left_03,mono_left_04,mono_right_01,mono_right_02,mono_right_03,mono_right_04,mono_rear_01,mono_rear_02,mono_rear_03,mono_rear_04,lms_front_01,lms_front_02,lms_front_03,lms_front_04,lms_rear_01,lms_rear_02,lms_rear_03,lms_rear_04,ldmrs_01,ldmrs_02,ldmrs_03,ldmrs_04,gps
2014-07-14-14-49-50,tags,stereo_centre_01,stereo_centre_02,stereo_centre_03,stereo_centre_04,stereo_left_01,stereo_left_02,stereo_left_03,stereo_left_04,stereo_right_01,stereo_right_02,stereo_right_03,stereo_right_04,vo,mono_left_01,mono_left_02,mono_left_03,mono_left_04,mono_right_01,mono_right_02,mono_right_03,mono_right_04,mono_rear_01,mono_rear_02,mono_rear_03,mono_rear_04,lms_front_01,lms_front_02,lms_front_03,lms_front_04,lms_rear_01,lms_rear_02,lms_rear_03,lms_rear_04,ldmrs_01,ldmrs_02,ldmrs_03,ldmrs_04,gps
2014-07-14-15-16-36,tags,stereo_centre_01,stereo_centre_02,stereo_centre_03,stereo_centre_04,stereo_left_01,stereo_left_02,stereo_left_03,stereo_left_04,stereo_right_01,stereo_right_02,stereo_right_03,stereo_right_04,vo,mono_left_01,mono_left_02,mono_left_03,mono_left_04,mono_right_01,mono_right_02,mono_right_03,mono_right_04,mono_rear_01,mono_rear_02,mono_rear_03,mono_rear_04,lms_front_01,lms_front_02,lms_front_03,lms_front_04,lms_rear_01,lms_rear_02,lms_rear_03,lms_rear_04,ldmrs_01,ldmrs_02,ldmrs_03,ldmrs_04,gps
2014-07-14-15-42-55,tags,stereo_centre_01,stereo_centre_02,stereo_centre_03,stereo_centre_04,stereo_left_01,stereo_left_02,stereo_left_03,stereo_left_04,stereo_right_01,stereo_right_02,stereo_right_03,stereo_right_04,vo,mono_left_01,mono_left_02,mono_left_03,mono_left_04,mono_right_01,mono_right_02,mono_right_03,mono_right_04,mono_rear_01,mono_rear_02,mono_rear_03,mono_rear_04,lms_front_01,lms_front_02,lms_front_03,lms_front_04,lms_rear_01,lms_rear_02,lms_rear_03,lms_rear_04,ldmrs_01,ldmrs_02,ldmrs_03,ldmrs_04,gps
2014-08-08-12-53-13,tags,stereo_centre_01,stereo_centre_02,stereo_left_01,stereo_left_02,stereo_right_01,stereo_right_02,vo,mono_left_01,mono_left_02,mono_right_01,mono_right_02,mono_rear_01,mono_rear_02,lms_front_01,lms_front_02,lms_rear_01,lms_rear_02,ldmrs_01,ldmrs_02
2014-08-08-13-01-14,tags,stereo_centre_01,stereo_left_01,stereo_right_01,vo,mono_left_01,mono_right_01,mono_rear_01,lms_front_01,lms_rear_01,ldmrs_01
2014-08-08-13-08-02,tags,stereo_centre_01,stereo_centre_02,stereo_left_01,stereo_left_02,stereo_right_01,stereo_right_02,vo,mono_left_01,mono_left_02,mono_right_01,mono_right_02,mono_rear_01,mono_rear_02,lms_front_01,lms_front_02,lms_rear_01,lms_rear_02,ldmrs_01,ldmrs_02
2014-08-08-13-15-11,tags,stereo_centre_01,stereo_centre_02,stereo_left_01,stereo_left_02,stereo_right_01,stereo_right_02,vo,mono_left_01,mono_left_02,mono_right_01,mono_right_02,mono_rear_01,mono_rear_02,lms_front_01,lms_front_02,lms_rear_01,lms_rear_02,ldmrs_01,ldmrs_02
2014-08-11-10-22-21,tags,stereo_centre_01,stereo_left_01,stereo_right_01,vo,mono_left_01,mono_right_01,mono_rear_01,lms_front_01,lms_rear_01,ldmrs_01,gps
2014-08-11-10-49-42,tags,stereo_centre_01,stereo_left_01,stereo_right_01,vo,lms_front_01,lms_rear_01,ldmrs_01,gps
2014-08-11-10-59-18,tags,stereo_centre_01,stereo_centre_02,stereo_left_01,stereo_left_02,stereo_right_01,stereo_right_02,vo,lms_front_01,lms_front_02,lms_rear_01,lms_rear_02,ldmrs_01,ldmrs_02,gps
2014-11-11-11-06-25,tags,stereo_centre_01,stereo_centre_02,stereo_centre_03,stereo_centre_04,stereo_centre_05,stereo_left_01,stereo_left_02,stereo_left_03,stereo_left_04,stereo_left_05,stereo_right_01,stereo_right_02,stereo_right_03,stereo_right_04,stereo_right_05,vo,mono_left_01,mono_left_02,mono_left_03,mono_left_04,mono_left_05,mono_right_01,mono_right_02,mono_right_03,mono_right_04,mono_right_05,mono_rear_01,mono_rear_02,mono_rear_03,mono_rear_04,mono_rear_05,lms_front_01,lms_front_02,lms_front_03,lms_front_04,lms_front_05,lms_rear_01,lms_rear_02,lms_rear_03,lms_rear_04,lms_rear_05,ldmrs_01,ldmrs_02,ldmrs_03,ldmrs_04,ldmrs_05,gps
2014-11-14-16-34-33,tags,stereo_centre_01,stereo_centre_02,stereo_centre_03,stereo_centre_04,stereo_centre_05,stereo_centre_06,stereo_centre_07,stereo_right_01,stereo_right_02,stereo_right_03,stereo_right_04,stereo_right_05,stereo_right_06,stereo_right_07,stereo_left_01,stereo_left_02,stereo_left_03,stereo_left_04,stereo_left_05,stereo_left_06,stereo_left_07,vo,mono_left_01,mono_left_02,mono_left_03,mono_left_04,mono_left_05,mono_left_06,mono_left_07,mono_right_01,mono_right_02,mono_right_03,mono_right_04,mono_right_05,mono_right_06,mono_right_07,mono_rear_01,mono_rear_02,mono_rear_03,mono_rear_04,mono_rear_05,mono_rear_06,mono_rear_07,lms_front_01,lms_front_02,lms_front_03,lms_front_04,lms_front_05,lms_front_06,lms_front_07,lms_rear_01,lms_rear_02,lms_rear_03,lms_rear_04,lms_rear_05,lms_rear_06,lms_rear_07,ldmrs_01,ldmrs_02,ldmrs_03,ldmrs_04,ldmrs_05,ldmrs_06,ldmrs_07,gps
2014-11-18-13-20-12,tags,stereo_centre_01,stereo_centre_02,stereo_centre_03,stereo_centre_04,stereo_centre_05,stereo_centre_06,stereo_left_01,stereo_left_02,stereo_left_03,stereo_left_04,stereo_left_05,stereo_left_06,stereo_right_01,stereo_right_02,stereo_right_03,stereo_right_04,stereo_right_05,stereo_right_06,vo,mono_left_01,mono_left_02,mono_left_03,mono_left_04,mono_left_05,mono_left_06,mono_right_01,mono_right_02,mono_right_03,mono_right_04,mono_right_05,mono_right_06,mono_rear_01,mono_rear_02,mono_rear_03,mono_rear_04,mono_rear_05,mono_rear_06,lms_front_01,lms_front_02,lms_front_03,lms_front_04,lms_front_05,lms_front_06,lms_rear_01,lms_rear_02,lms_rear_03,lms_rear_04,lms_rear_05,lms_rear_06,ldmrs_01,ldmrs_02,ldmrs_03,ldmrs_04,ldmrs_05,ldmrs_06,gps
2014-11-21-16-07-03,tags,stereo_centre_01,stereo_centre_02,stereo_centre_03,stereo_centre_04,stereo_centre_05,stereo_centre_06,stereo_centre_07,stereo_centre_08,stereo_centre_09,stereo_centre_10,stereo_left_01,stereo_left_02,stereo_left_03,stereo_left_04,stereo_left_05,stereo_left_06,stereo_left_07,stereo_left_08,stereo_left_09,stereo_left_10,stereo_right_01,stereo_right_02,stereo_right_03,stereo_right_04,stereo_right_05,stereo_right_06,stereo_right_07,stereo_right_08,stereo_right_09,stereo_right_10,vo,mono_left_01,mono_left_02,mono_left_03,mono_left_04,mono_left_05,mono_left_06,mono_left_07,mono_left_08,mono_left_09,mono_left_10,mono_right_01,mono_right_02,mono_right_03,mono_right_04,mono_right_05,mono_right_06,mono_right_07,mono_right_08,mono_right_09,mono_right_10,mono_rear_01,mono_rear_02,mono_rear_03,mono_rear_04,mono_rear_05,mono_rear_06,mono_rear_07,mono_rear_08,mono_rear_09,mono_rear_10,lms_front_01,lms_front_02,lms_front_03,lms_front_04,lms_front_05,lms_front_06,lms_front_07,lms_front_08,lms_front_09,lms_front_10,lms_rear_01,lms_rear_02,lms_rear_03,lms_rear_04,lms_rear_05,lms_rear_06,lms_rear_07,lms_rear_08,lms_rear_09,lms_rear_10,ldmrs_01,ldmrs_02,ldmrs_03,ldmrs_04,ldmrs_05,ldmrs_06,ldmrs_07,ldmrs_08,ldmrs_09,ldmrs_10,gps
2014-11-25-09-18-32,tags,stereo_centre_01,stereo_centre_02,stereo_centre_03,stereo_centre_04,stereo_centre_05,stereo_centre_06,stereo_centre_07,stereo_left_01,stereo_left_02,stereo_left_03,stereo_left_04,stereo_left_05,stereo_left_06,stereo_left_07,stereo_right_01,stereo_right_02,stereo_right_03,stereo_right_04,stereo_right_05,stereo_right_06,stereo_right_07,vo,mono_left_01,mono_left_02,mono_left_03,mono_left_04,mono_left_05,mono_left_06,mono_left_07,mono_right_01,mono_right_02,mono_right_03,mono_right_04,mono_right_05,mono_right_06,mono_right_07,mono_rear_01,mono_rear_02,mono_rear_03,mono_rear_04,mono_rear_05,mono_rear_06,mono_rear_07,lms_front_01,lms_front_02,lms_front_03,lms_front_04,lms_front_05,lms_front_06,lms_front_07,lms_rear_01,lms_rear_02,lms_rear_03,lms_rear_04,lms_rear_05,lms_rear_06,lms_rear_07,ldmrs_01,ldmrs_02,ldmrs_03,ldmrs_04,ldmrs_05,ldmrs_06,ldmrs_07,gps
2014-11-28-12-07-13,tags,stereo_centre_01,stereo_centre_02,stereo_centre_03,stereo_centre_04,stereo_centre_05,stereo_centre_06,stereo_left_01,stereo_left_02,stereo_left_03,stereo_left_04,stereo_left_05,stereo_left_06,stereo_right_01,stereo_right_02,stereo_right_03,stereo_right_04,stereo_right_05,stereo_right_06,vo,mono_left_01,mono_left_02,mono_left_03,mono_left_04,mono_left_05,mono_left_06,mono_right_01,mono_right_02,mono_right_03,mono_right_04,mono_right_05,mono_right_06,mono_rear_01,mono_rear_02,mono_rear_03,mono_rear_04,mono_rear_05,mono_rear_06,lms_front_01,lms_front_02,lms_front_03,lms_front_04,lms_front_05,lms_front_06,lms_rear_01,lms_rear_02,lms_rear_03,lms_rear_04,lms_rear_05,lms_rear_06,ldmrs_01,ldmrs_02,ldmrs_03,ldmrs_04,ldmrs_05,ldmrs_06,gps
2014-12-02-15-30-08,tags,stereo_centre_01,stereo_centre_02,stereo_centre_03,stereo_centre_04,stereo_centre_05,stereo_centre_06,stereo_left_01,stereo_left_02,stereo_left_03,stereo_left_04,stereo_left_05,stereo_left_06,stereo_right_01,stereo_right_02,stereo_right_03,stereo_right_04,stereo_right_05,stereo_right_06,vo,mono_left_01,mono_left_02,mono_left_03,mono_left_04,mono_left_05,mono_left_06,mono_right_01,mono_right_02,mono_right_03,mono_right_04,mono_right_05,mono_right_06,mono_rear_01,mono_rear_02,mono_rear_03,mono_rear_04,mono_rear_05,mono_rear_06,lms_front_01,lms_front_02,lms_front_03,lms_front_04,lms_front_05,lms_front_06,lms_rear_01,lms_rear_02,lms_rear_03,lms_rear_04,lms_rear_05,lms_rear_06,ldmrs_01,ldmrs_02,ldmrs_03,ldmrs_04,ldmrs_05,ldmrs_06,gps
2014-12-05-11-09-10,tags,stereo_centre_01,stereo_centre_02,stereo_centre_03,stereo_centre_04,stereo_centre_05,stereo_centre_06,stereo_left_01,stereo_left_02,stereo_left_03,stereo_left_04,stereo_left_05,stereo_left_06,stereo_right_01,stereo_right_02,stereo_right_03,stereo_right_04,stereo_right_05,stereo_right_06,vo,mono_left_01,mono_left_02,mono_left_03,mono_left_04,mono_left_05,mono_left_06,mono_right_01,mono_right_02,mono_right_03,mono_right_04,mono_right_05,mono_right_06,mono_rear_01,mono_rear_02,mono_rear_03,mono_rear_04,mono_rear_05,mono_rear_06,lms_front_01,lms_front_02,lms_front_03,lms_front_04,lms_front_05,lms_front_06,lms_rear_01,lms_rear_02,lms_rear_03,lms_rear_04,lms_rear_05,lms_rear_06,ldmrs_01,ldmrs_02,ldmrs_03,ldmrs_04,ldmrs_05,ldmrs_06,gps
2014-12-05-15-42-07,tags,stereo_centre_01,stereo_centre_02,stereo_centre_03,stereo_left_01,stereo_left_02,stereo_left_03,stereo_right_01,stereo_right_02,stereo_right_03,vo,mono_left_01,mono_left_02,mono_left_03,mono_right_01,mono_right_02,mono_right_03,mono_rear_01,mono_rear_02,mono_rear_03,lms_front_01,lms_front_02,lms_front_03,lms_rear_01,lms_rear_02,lms_rear_03,ldmrs_01,ldmrs_02,ldmrs_03,gps
2014-12-09-13-21-02,tags,stereo_centre_01,stereo_centre_02,stereo_centre_03,stereo_centre_04,stereo_centre_05,stereo_centre_06,stereo_left_01,stereo_left_02,stereo_left_03,stereo_left_04,stereo_left_05,stereo_left_06,stereo_right_01,stereo_right_02,stereo_right_03,stereo_right_04,stereo_right_05,stereo_right_06,vo,mono_left_01,mono_left_02,mono_left_03,mono_left_04,mono_left_05,mono_left_06,mono_right_01,mono_right_02,mono_right_03,mono_right_04,mono_right_05,mono_right_06,mono_rear_01,mono_rear_02,mono_rear_03,mono_rear_04,mono_rear_05,mono_rear_06,lms_front_01,lms_front_02,lms_front_03,lms_front_04,lms_front_05,lms_front_06,lms_rear_01,lms_rear_02,lms_rear_03,lms_rear_04,lms_rear_05,lms_rear_06,ldmrs_01,ldmrs_02,ldmrs_03,ldmrs_04,ldmrs_05,ldmrs_06,gps
2014-12-10-18-10-50,tags,stereo_centre_01,stereo_centre_02,stereo_centre_03,stereo_centre_04,stereo_centre_05,stereo_centre_06,stereo_centre_07,stereo_left_01,stereo_left_02,stereo_left_03,stereo_left_04,stereo_left_05,stereo_left_06,stereo_left_07,stereo_right_01,stereo_right_02,stereo_right_03,stereo_right_04,stereo_right_05,stereo_right_06,stereo_right_07,vo,mono_left_01,mono_left_02,mono_left_03,mono_left_04,mono_left_05,mono_left_06,mono_left_07,mono_right_01,mono_right_02,mono_right_03,mono_right_04,mono_right_05,mono_right_06,mono_right_07,mono_rear_01,mono_rear_02,mono_rear_03,mono_rear_04,mono_rear_05,mono_rear_06,mono_rear_07,lms_front_01,lms_front_02,lms_front_03,lms_front_04,lms_front_05,lms_front_06,lms_front_07,lms_rear_01,lms_rear_02,lms_rear_03,lms_rear_04,lms_rear_05,lms_rear_06,lms_rear_07,ldmrs_01,ldmrs_02,ldmrs_03,ldmrs_04,ldmrs_05,ldmrs_06,ldmrs_07,gps
2014-12-12-10-45-15,tags,stereo_centre_01,stereo_centre_02,stereo_centre_03,stereo_centre_04,stereo_centre_05,stereo_centre_06,stereo_left_01,stereo_left_02,stereo_left_03,stereo_left_04,stereo_left_05,stereo_left_06,stereo_right_01,stereo_right_02,stereo_right_03,stereo_right_04,stereo_right_05,stereo_right_06,vo,mono_left_01,mono_left_02,mono_left_03,mono_left_04,mono_left_05,mono_left_06,mono_right_01,mono_right_02,mono_right_03,mono_right_04,mono_right_05,mono_right_06,mono_rear_01,mono_rear_02,mono_rear_03,mono_rear_04,mono_rear_05,mono_rear_06,lms_front_01,lms_front_02,lms_front_03,lms_front_04,lms_front_05,lms_front_06,lms_rear_01,lms_rear_02,lms_rear_03,lms_rear_04,lms_rear_05,lms_rear_06,ldmrs_01,ldmrs_02,ldmrs_03,ldmrs_04,ldmrs_05,ldmrs_06,gps
2014-12-16-09-14-09,tags,stereo_centre_01,stereo_centre_02,stereo_centre_03,stereo_centre_04,stereo_centre_05,stereo_centre_06,stereo_left_01,stereo_left_02,stereo_left_03,stereo_left_04,stereo_left_05,stereo_left_06,stereo_right_01,stereo_right_02,stereo_right_03,stereo_right_04,stereo_right_05,stereo_right_06,vo,mono_left_01,mono_left_02,mono_left_03,mono_left_04,mono_left_05,mono_left_06,mono_right_01,mono_right_02,mono_right_03,mono_right_04,mono_right_05,mono_right_06,mono_rear_01,mono_rear_02,mono_rear_03,mono_rear_04,mono_rear_05,mono_rear_06,lms_front_01,lms_front_02,lms_front_03,lms_front_04,lms_front_05,lms_front_06,lms_rear_01,lms_rear_02,lms_rear_03,lms_rear_04,lms_rear_05,lms_rear_06,ldmrs_01,ldmrs_02,ldmrs_03,ldmrs_04,ldmrs_05,ldmrs_06,gps
2014-12-16-18-44-24,tags,stereo_centre_01,stereo_centre_02,stereo_centre_03,stereo_centre_04,stereo_centre_05,stereo_centre_06,stereo_left_01,stereo_left_02,stereo_left_03,stereo_left_04,stereo_left_05,stereo_left_06,stereo_right_01,stereo_right_02,stereo_right_03,stereo_right_04,stereo_right_05,stereo_right_06,vo,mono_left_01,mono_left_02,mono_left_03,mono_left_04,mono_left_05,mono_left_06,mono_right_01,mono_right_02,mono_right_03,mono_right_04,mono_right_05,mono_right_06,mono_rear_01,mono_rear_02,mono_rear_03,mono_rear_04,mono_rear_05,mono_rear_06,lms_front_01,lms_front_02,lms_front_03,lms_front_04,lms_front_05,lms_front_06,lms_rear_01,lms_rear_02,lms_rear_03,lms_rear_04,lms_rear_05,lms_rear_06,ldmrs_01,ldmrs_02,ldmrs_03,ldmrs_04,ldmrs_05,ldmrs_06,gps
2014-12-17-18-18-43,tags,stereo_centre_01,stereo_centre_02,stereo_centre_03,stereo_centre_04,stereo_centre_05,stereo_centre_06,stereo_left_01,stereo_left_02,stereo_left_03,stereo_left_04,stereo_left_05,stereo_left_06,stereo_right_01,stereo_right_02,stereo_right_03,stereo_right_04,stereo_right_05,stereo_right_06,vo,mono_left_01,mono_left_02,mono_left_03,mono_left_04,mono_left_05,mono_left_06,mono_right_01,mono_right_02,mono_right_03,mono_right_04,mono_right_05,mono_right_06,mono_rear_01,mono_rear_02,mono_rear_03,mono_rear_04,mono_rear_05,mono_rear_06,lms_front_01,lms_front_02,lms_front_03,lms_front_04,lms_front_05,lms_front_06,lms_rear_01,lms_rear_02,lms_rear_03,lms_rear_04,lms_rear_05,lms_rear_06,ldmrs_01,ldmrs_02,ldmrs_03,ldmrs_04,ldmrs_05,ldmrs_06,gps
2015-02-03-08-45-10,tags,stereo_centre_01,stereo_centre_02,stereo_centre_03,stereo_centre_04,stereo_centre_05,stereo_centre_06,stereo_centre_07,stereo_left_01,stereo_left_02,stereo_left_03,stereo_left_04,stereo_left_05,stereo_left_06,stereo_left_07,stereo_right_01,stereo_right_02,stereo_right_03,stereo_right_04,stereo_right_05,stereo_right_06,stereo_right_07,vo,mono_left_01,mono_left_02,mono_left_03,mono_left_04,mono_left_05,mono_left_06,mono_left_07,mono_right_01,mono_right_02,mono_right_03,mono_right_04,mono_right_05,mono_right_06,mono_right_07,mono_rear_01,mono_rear_02,mono_rear_03,mono_rear_04,mono_rear_05,mono_rear_06,mono_rear_07,lms_front_01,lms_front_02,lms_front_03,lms_front_04,lms_front_05,lms_front_06,lms_front_07,lms_rear_01,lms_rear_02,lms_rear_03,lms_rear_04,lms_rear_05,lms_rear_06,lms_rear_07,ldmrs_01,ldmrs_02,ldmrs_03,ldmrs_04,ldmrs_05,ldmrs_06,ldmrs_07,gps
2015-02-03-19-43-11,tags,stereo_centre_01,stereo_centre_02,stereo_centre_03,stereo_centre_04,stereo_centre_05,stereo_centre_06,stereo_left_01,stereo_left_02,stereo_left_03,stereo_left_04,stereo_left_05,stereo_left_06,stereo_right_01,stereo_right_02,stereo_right_03,stereo_right_04,stereo_right_05,stereo_right_06,vo,mono_left_01,mono_left_02,mono_left_03,mono_left_04,mono_left_05,mono_left_06,mono_right_01,mono_right_02,mono_right_03,mono_right_04,mono_right_05,mono_right_06,mono_rear_01,mono_rear_02,mono_rear_03,mono_rear_04,mono_rear_05,mono_rear_06,lms_front_01,lms_front_02,lms_front_03,lms_front_04,lms_front_05,lms_front_06,lms_rear_01,lms_rear_02,lms_rear_03,lms_rear_04,lms_rear_05,lms_rear_06,ldmrs_01,ldmrs_02,ldmrs_03,ldmrs_04,ldmrs_05,ldmrs_06,gps
2015-02-06-13-57-16,tags,stereo_centre_01,stereo_centre_02,stereo_centre_03,stereo_centre_04,stereo_centre_05,stereo_centre_06,stereo_left_01,stereo_left_02,stereo_left_03,stereo_left_04,stereo_left_05,stereo_left_06,stereo_right_01,stereo_right_02,stereo_right_03,stereo_right_04,stereo_right_05,stereo_right_06,vo,mono_left_01,mono_left_02,mono_left_03,mono_left_04,mono_left_05,mono_left_06,mono_right_01,mono_right_02,mono_right_03,mono_right_04,mono_right_05,mono_right_06,mono_rear_01,mono_rear_02,mono_rear_03,mono_rear_04,mono_rear_05,mono_rear_06,lms_front_01,lms_front_02,lms_front_03,lms_front_04,lms_front_05,lms_front_06,lms_rear_01,lms_rear_02,lms_rear_03,lms_rear_04,lms_rear_05,lms_rear_06,ldmrs_01,ldmrs_02,ldmrs_03,ldmrs_04,ldmrs_05,ldmrs_06,gps
2015-02-10-11-58-05,tags,stereo_centre_01,stereo_centre_02,stereo_centre_03,stereo_centre_04,stereo_centre_05,stereo_centre_06,stereo_centre_07,stereo_left_01,stereo_left_02,stereo_left_03,stereo_left_04,stereo_left_05,stereo_left_06,stereo_left_07,stereo_right_01,stereo_right_02,stereo_right_03,stereo_right_04,stereo_right_05,stereo_right_06,stereo_right_07,vo,mono_left_01,mono_left_02,mono_left_03,mono_left_04,mono_left_05,mono_left_06,mono_left_07,mono_right_01,mono_right_02,mono_right_03,mono_right_04,mono_right_05,mono_right_06,mono_right_07,mono_rear_01,mono_rear_02,mono_rear_03,mono_rear_04,mono_rear_05,mono_rear_06,mono_rear_07,lms_front_01,lms_front_02,lms_front_03,lms_front_04,lms_front_05,lms_front_06,lms_front_07,lms_rear_01,lms_rear_02,lms_rear_03,lms_rear_04,lms_rear_05,lms_rear_06,lms_rear_07,ldmrs_01,ldmrs_02,ldmrs_03,ldmrs_04,ldmrs_05,ldmrs_06,ldmrs_07,gps
2015-02-13-09-16-26,tags,stereo_centre_01,stereo_centre_02,stereo_centre_03,stereo_centre_04,stereo_centre_05,stereo_centre_06,stereo_left_01,stereo_left_02,stereo_left_03,stereo_left_04,stereo_left_05,stereo_left_06,stereo_right_01,stereo_right_02,stereo_right_03,stereo_right_04,stereo_right_05,stereo_right_06,vo,mono_left_01,mono_left_02,mono_left_03,mono_left_04,mono_left_05,mono_left_06,mono_right_01,mono_right_02,mono_right_03,mono_right_04,mono_right_05,mono_right_06,mono_rear_01,mono_rear_02,mono_rear_03,mono_rear_04,mono_rear_05,mono_rear_06,lms_front_01,lms_front_02,lms_front_03,lms_front_04,lms_front_05,lms_front_06,lms_rear_01,lms_rear_02,lms_rear_03,lms_rear_04,lms_rear_05,lms_rear_06,ldmrs_01,ldmrs_02,ldmrs_03,ldmrs_04,ldmrs_05,ldmrs_06,gps
2015-02-17-14-42-12,tags,stereo_centre_01,stereo_centre_02,stereo_centre_03,stereo_centre_04,stereo_centre_05,stereo_centre_06,stereo_left_01,stereo_left_02,stereo_left_03,stereo_left_04,stereo_left_05,stereo_left_06,stereo_right_01,stereo_right_02,stereo_right_03,stereo_right_04,stereo_right_05,stereo_right_06,vo,mono_left_01,mono_left_02,mono_left_03,mono_left_04,mono_left_05,mono_left_06,mono_right_01,mono_right_02,mono_right_03,mono_right_04,mono_right_05,mono_right_06,mono_rear_01,mono_rear_02,mono_rear_03,mono_rear_04,mono_rear_05,mono_rear_06,lms_front_01,lms_front_02,lms_front_03,lms_front_04,lms_front_05,lms_front_06,lms_rear_01,lms_rear_02,lms_rear_03,lms_rear_04,lms_rear_05,lms_rear_06,ldmrs_01,ldmrs_02,ldmrs_03,ldmrs_04,ldmrs_05,ldmrs_06,gps
2015-02-20-16-34-06,tags,stereo_centre_01,stereo_centre_02,stereo_centre_03,stereo_centre_04,stereo_centre_05,stereo_centre_06,stereo_centre_07,stereo_centre_08,stereo_left_01,stereo_left_02,stereo_left_03,stereo_left_04,stereo_left_05,stereo_left_06,stereo_left_07,stereo_left_08,stereo_right_01,stereo_right_02,stereo_right_03,stereo_right_04,stereo_right_05,stereo_right_06,stereo_right_07,stereo_right_08,vo,mono_left_01,mono_left_02,mono_left_03,mono_left_04,mono_left_05,mono_left_06,mono_left_07,mono_left_08,mono_right_01,mono_right_02,mono_right_03,mono_right_04,mono_right_05,mono_right_06,mono_right_07,mono_right_08,mono_rear_01,mono_rear_02,mono_rear_03,mono_rear_04,mono_rear_05,mono_rear_06,mono_rear_07,mono_rear_08,lms_front_01,lms_front_02,lms_front_03,lms_front_04,lms_front_05,lms_front_06,lms_front_07,lms_front_08,lms_rear_01,lms_rear_02,lms_rear_03,lms_rear_04,lms_rear_05,lms_rear_06,lms_rear_07,lms_rear_08,ldmrs_01,ldmrs_02,ldmrs_03,ldmrs_04,ldmrs_05,ldmrs_06,ldmrs_07,ldmrs_08,gps
2015-02-24-12-32-19,tags,stereo_centre_01,stereo_centre_02,stereo_centre_03,stereo_centre_04,stereo_centre_05,stereo_centre_06,stereo_left_01,stereo_left_02,stereo_left_03,stereo_left_04,stereo_left_05,stereo_left_06,stereo_right_01,stereo_right_02,stereo_right_03,stereo_right_04,stereo_right_05,stereo_right_06,vo,mono_left_01,mono_left_02,mono_left_03,mono_left_04,mono_left_05,mono_left_06,mono_right_01,mono_right_02,mono_right_03,mono_right_04,mono_right_05,mono_right_06,mono_rear_01,mono_rear_02,mono_rear_03,mono_rear_04,mono_rear_05,mono_rear_06,lms_front_01,lms_front_02,lms_front_03,lms_front_04,lms_front_05,lms_front_06,lms_rear_01,lms_rear_02,lms_rear_03,lms_rear_04,lms_rear_05,lms_rear_06,ldmrs_01,ldmrs_02,ldmrs_03,ldmrs_04,ldmrs_05,ldmrs_06,gps
2015-02-27-18-09-02,tags,stereo_centre_01,stereo_centre_02,stereo_centre_03,stereo_centre_04,stereo_centre_05,stereo_centre_06,stereo_centre_07,stereo_left_01,stereo_left_02,stereo_left_03,stereo_left_04,stereo_left_05,stereo_left_06,stereo_left_07,stereo_right_01,stereo_right_02,stereo_right_03,stereo_right_04,stereo_right_05,stereo_right_06,stereo_right_07,vo,mono_left_01,mono_left_02,mono_left_03,mono_left_04,mono_left_05,mono_left_06,mono_left_07,mono_right_01,mono_right_02,mono_right_03,mono_right_04,mono_right_05,mono_right_06,mono_right_07,mono_rear_01,mono_rear_02,mono_rear_03,mono_rear_04,mono_rear_05,mono_rear_06,mono_rear_07,lms_front_01,lms_front_02,lms_front_03,lms_front_04,lms_front_05,lms_front_06,lms_front_07,lms_rear_01,lms_rear_02,lms_rear_03,lms_rear_04,lms_rear_05,lms_rear_06,lms_rear_07,ldmrs_01,ldmrs_02,ldmrs_03,ldmrs_04,ldmrs_05,ldmrs_06,ldmrs_07
2015-03-03-11-31-36,tags,stereo_centre_01,stereo_centre_02,stereo_centre_03,stereo_centre_04,stereo_centre_05,stereo_centre_06,stereo_left_01,stereo_left_02,stereo_left_03,stereo_left_04,stereo_left_05,stereo_left_06,stereo_right_01,stereo_right_02,stereo_right_03,stereo_right_04,stereo_right_05,stereo_right_06,vo,mono_left_01,mono_left_02,mono_left_03,mono_left_04,mono_left_05,mono_left_06,mono_right_01,mono_right_02,mono_right_03,mono_right_04,mono_right_05,mono_right_06,mono_rear_01,mono_rear_02,mono_rear_03,mono_rear_04,mono_rear_05,mono_rear_06,lms_front_01,lms_front_02,lms_front_03,lms_front_04,lms_front_05,lms_front_06,lms_rear_01,lms_rear_02,lms_rear_03,lms_rear_04,lms_rear_05,lms_rear_06,ldmrs_01,ldmrs_02,ldmrs_03,ldmrs_04,ldmrs_05,ldmrs_06,gps
2015-03-10-14-18-10,tags,stereo_centre_01,stereo_centre_02,stereo_centre_03,stereo_centre_04,stereo_centre_05,stereo_centre_06,stereo_left_01,stereo_left_02,stereo_left_03,stereo_left_04,stereo_left_05,stereo_left_06,stereo_right_01,stereo_right_02,stereo_right_03,stereo_right_04,stereo_right_05,stereo_right_06,vo,mono_left_01,mono_left_02,mono_left_03,mono_left_04,mono_left_05,mono_left_06,mono_right_01,mono_right_02,mono_right_03,mono_right_04,mono_right_05,mono_right_06,mono_rear_01,mono_rear_02,mono_rear_03,mono_rear_04,mono_rear_05,mono_rear_06,lms_front_01,lms_front_02,lms_front_03,lms_front_04,lms_front_05,lms_front_06,lms_rear_01,lms_rear_02,lms_rear_03,lms_rear_04,lms_rear_05,lms_rear_06,ldmrs_01,ldmrs_02,ldmrs_03,ldmrs_04,ldmrs_05,ldmrs_06,gps
2015-03-13-14-17-00,tags,stereo_centre_01,stereo_centre_02,stereo_centre_03,stereo_centre_04,stereo_centre_05,stereo_centre_06,stereo_centre_07,stereo_left_01,stereo_left_02,stereo_left_03,stereo_left_04,stereo_left_05,stereo_left_06,stereo_left_07,stereo_right_01,stereo_right_02,stereo_right_03,stereo_right_04,stereo_right_05,stereo_right_06,stereo_right_07,vo,mono_left_01,mono_left_02,mono_left_03,mono_left_04,mono_left_05,mono_left_06,mono_left_07,mono_right_01,mono_right_02,mono_right_03,mono_right_04,mono_right_05,mono_right_06,mono_right_07,mono_rear_01,mono_rear_02,mono_rear_03,mono_rear_04,mono_rear_05,mono_rear_06,mono_rear_07,lms_front_01,lms_front_02,lms_front_03,lms_front_04,lms_front_05,lms_front_06,lms_front_07,lms_rear_01,lms_rear_02,lms_rear_03,lms_rear_04,lms_rear_05,lms_rear_06,lms_rear_07,ldmrs_01,ldmrs_02,ldmrs_03,ldmrs_04,ldmrs_05,ldmrs_06,ldmrs_07,gps
2015-03-17-11-08-44,tags,stereo_centre_01,stereo_centre_02,stereo_centre_03,stereo_centre_04,stereo_centre_05,stereo_left_01,stereo_left_02,stereo_left_03,stereo_left_04,stereo_left_05,stereo_right_01,stereo_right_02,stereo_right_03,stereo_right_04,stereo_right_05,vo,mono_left_01,mono_left_02,mono_left_03,mono_left_04,mono_left_05,mono_right_01,mono_right_02,mono_right_03,mono_right_04,mono_right_05,mono_rear_01,mono_rear_02,mono_rear_03,mono_rear_04,mono_rear_05,lms_front_01,lms_front_02,lms_front_03,lms_front_04,lms_front_05,lms_rear_01,lms_rear_02,lms_rear_03,lms_rear_04,lms_rear_05,ldmrs_01,ldmrs_02,ldmrs_03,ldmrs_04,ldmrs_05,gps
2015-03-24-13-47-33,tags,stereo_centre_01,stereo_centre_02,stereo_centre_03,stereo_centre_04,stereo_centre_05,stereo_centre_06,stereo_left_01,stereo_left_02,stereo_left_03,stereo_left_04,stereo_left_05,stereo_left_06,stereo_right_01,stereo_right_02,stereo_right_03,stereo_right_04,stereo_right_05,stereo_right_06,vo,mono_left_01,mono_left_02,mono_left_03,mono_left_04,mono_left_05,mono_left_06,mono_right_01,mono_right_02,mono_right_03,mono_right_04,mono_right_05,mono_right_06,mono_rear_01,mono_rear_02,mono_rear_03,mono_rear_04,mono_rear_05,mono_rear_06,lms_front_01,lms_front_02,lms_front_03,lms_front_04,lms_front_05,lms_front_06,lms_rear_01,lms_rear_02,lms_rear_03,lms_rear_04,lms_rear_05,lms_rear_06,ldmrs_01,ldmrs_02,ldmrs_03,ldmrs_04,ldmrs_05,ldmrs_06,gps
2015-03-27-16-14-21,tags,stereo_centre_01,stereo_centre_02,stereo_centre_03,stereo_centre_04,stereo_centre_05,stereo_centre_06,stereo_left_01,stereo_left_02,stereo_left_03,stereo_left_04,stereo_left_05,stereo_left_06,stereo_right_01,stereo_right_02,stereo_right_03,stereo_right_04,stereo_right_05,stereo_right_06,vo,mono_left_01,mono_left_02,mono_left_03,mono_left_04,mono_left_05,mono_left_06,mono_right_01,mono_right_02,mono_right_03,mono_right_04,mono_right_05,mono_right_06,mono_rear_01,mono_rear_02,mono_rear_03,mono_rear_04,mono_rear_05,mono_rear_06,lms_front_01,lms_front_02,lms_front_03,lms_front_04,lms_front_05,lms_front_06,lms_rear_01,lms_rear_02,lms_rear_03,lms_rear_04,lms_rear_05,lms_rear_06,ldmrs_01,ldmrs_02,ldmrs_03,ldmrs_04,ldmrs_05,ldmrs_06,gps
2015-04-17-09-06-25,tags,stereo_centre_01,stereo_centre_02,stereo_centre_03,stereo_centre_04,stereo_centre_05,stereo_centre_06,stereo_left_01,stereo_left_02,stereo_left_03,stereo_left_04,stereo_left_05,stereo_left_06,stereo_right_01,stereo_right_02,stereo_right_03,stereo_right_04,stereo_right_05,stereo_right_06,vo,mono_left_01,mono_left_02,mono_left_03,mono_left_04,mono_left_05,mono_left_06,mono_right_01,mono_right_02,mono_right_03,mono_right_04,mono_right_05,mono_right_06,mono_rear_01,mono_rear_02,mono_rear_03,mono_rear_04,mono_rear_05,mono_rear_06,lms_front_01,lms_front_02,lms_front_03,lms_front_04,lms_front_05,lms_front_06,lms_rear_01,lms_rear_02,lms_rear_03,lms_rear_04,lms_rear_05,lms_rear_06,ldmrs_01,ldmrs_02,ldmrs_03,ldmrs_04,ldmrs_05,ldmrs_06,gps
2015-04-21-12-10-38,tags,stereo_centre_01,stereo_centre_02,stereo_centre_03,stereo_centre_04,stereo_centre_05,stereo_centre_06,stereo_left_01,stereo_left_02,stereo_left_03,stereo_left_04,stereo_left_05,stereo_left_06,stereo_right_01,stereo_right_02,stereo_right_03,stereo_right_04,stereo_right_05,stereo_right_06,vo,mono_left_01,mono_left_02,mono_left_03,mono_left_04,mono_left_05,mono_left_06,mono_right_01,mono_right_02,mono_right_03,mono_right_04,mono_right_05,mono_right_06,mono_rear_01,mono_rear_02,mono_rear_03,mono_rear_04,mono_rear_05,mono_rear_06,lms_front_01,lms_front_02,lms_front_03,lms_front_04,lms_front_05,lms_front_06,lms_rear_01,lms_rear_02,lms_rear_03,lms_rear_04,lms_rear_05,lms_rear_06,ldmrs_01,ldmrs_02,ldmrs_03,ldmrs_04,ldmrs_05,ldmrs_06,gps
2015-04-24-08-15-07,tags,stereo_centre_01,stereo_centre_02,stereo_centre_03,stereo_centre_04,stereo_centre_05,stereo_centre_06,stereo_centre_07,stereo_left_01,stereo_left_02,stereo_left_03,stereo_left_04,stereo_left_05,stereo_left_06,stereo_left_07,stereo_right_01,stereo_right_02,stereo_right_03,stereo_right_04,stereo_right_05,stereo_right_06,stereo_right_07,vo,mono_left_01,mono_left_02,mono_left_03,mono_left_04,mono_left_05,mono_left_06,mono_left_07,mono_right_01,mono_right_02,mono_right_03,mono_right_04,mono_right_05,mono_right_06,mono_right_07,mono_rear_01,mono_rear_02,mono_rear_03,mono_rear_04,mono_rear_05,mono_rear_06,mono_rear_07,lms_front_01,lms_front_02,lms_front_03,lms_front_04,lms_front_05,lms_front_06,lms_front_07,lms_rear_01,lms_rear_02,lms_rear_03,lms_rear_04,lms_rear_05,lms_rear_06,lms_rear_07,ldmrs_01,ldmrs_02,ldmrs_03,ldmrs_04,ldmrs_05,ldmrs_06,ldmrs_07,gps
2015-04-28-15-52-02,tags,stereo_centre_01,stereo_centre_02,stereo_centre_03,stereo_centre_04,stereo_centre_05,stereo_centre_06,stereo_centre_07,stereo_centre_08,stereo_centre_09,stereo_centre_10,stereo_centre_11,stereo_centre_12,stereo_centre_13,stereo_left_01,stereo_left_02,stereo_left_03,stereo_left_04,stereo_left_05,stereo_left_06,stereo_left_07,stereo_left_08,stereo_left_09,stereo_left_10,stereo_left_11,stereo_left_12,stereo_left_13,stereo_right_01,stereo_right_02,stereo_right_03,stereo_right_04,stereo_right_05,stereo_right_06,stereo_right_07,stereo_right_08,stereo_right_09,stereo_right_10,stereo_right_11,stereo_right_12,stereo_right_13,vo,mono_left_01,mono_left_02,mono_left_03,mono_left_04,mono_left_05,mono_left_06,mono_left_07,mono_left_08,mono_left_09,mono_left_10,mono_left_11,mono_left_12,mono_left_13,mono_right_01,mono_right_02,mono_right_03,mono_right_04,mono_right_05,mono_right_06,mono_right_07,mono_right_08,mono_right_09,mono_right_10,mono_right_11,mono_right_12,mono_right_13,mono_rear_01,mono_rear_02,mono_rear_03,mono_rear_04,mono_rear_05,mono_rear_06,mono_rear_07,mono_rear_08,mono_rear_09,mono_rear_10,mono_rear_11,mono_rear_12,mono_rear_13,lms_front_01,lms_front_02,lms_front_03,lms_front_04,lms_front_05,lms_front_06,lms_front_07,lms_front_08,lms_front_09,lms_front_10,lms_front_11,lms_front_12,lms_front_13,lms_rear_01,lms_rear_02,lms_rear_03,lms_rear_04,lms_rear_05,lms_rear_06,lms_rear_07,lms_rear_08,lms_rear_09,lms_rear_10,lms_rear_11,lms_rear_12,lms_rear_13,ldmrs_01,ldmrs_02,ldmrs_03,ldmrs_04,ldmrs_05,ldmrs_06,ldmrs_07,ldmrs_08,ldmrs_09,ldmrs_10,ldmrs_11,ldmrs_12,ldmrs_13,gps
2015-05-08-10-33-09,tags,stereo_centre_01,stereo_centre_02,stereo_centre_03,stereo_centre_04,stereo_centre_05,stereo_centre_06,stereo_left_01,stereo_left_02,stereo_left_03,stereo_left_04,stereo_left_05,stereo_left_06,stereo_right_01,stereo_right_02,stereo_right_03,stereo_right_04,stereo_right_05,stereo_right_06,vo,mono_left_01,mono_left_02,mono_left_03,mono_left_04,mono_left_05,mono_left_06,mono_right_01,mono_right_02,mono_right_03,mono_right_04,mono_right_05,mono_right_06,mono_rear_01,mono_rear_02,mono_rear_03,mono_rear_04,mono_rear_05,mono_rear_06,lms_front_01,lms_front_02,lms_front_03,lms_front_04,lms_front_05,lms_front_06,lms_rear_01,lms_rear_02,lms_rear_03,lms_rear_04,lms_rear_05,lms_rear_06,ldmrs_01,ldmrs_02,ldmrs_03,ldmrs_04,ldmrs_05,ldmrs_06
2015-05-15-08-00-49,tags,stereo_centre_01,stereo_centre_02,stereo_centre_03,stereo_centre_04,stereo_centre_05,stereo_centre_06,stereo_left_01,stereo_left_02,stereo_left_03,stereo_left_04,stereo_left_05,stereo_left_06,stereo_right_01,stereo_right_02,stereo_right_03,stereo_right_04,stereo_right_05,stereo_right_06,vo,mono_left_01,mono_left_02,mono_left_03,mono_left_04,mono_left_05,mono_left_06,mono_right_01,mono_right_02,mono_right_03,mono_right_04,mono_right_05,mono_right_06,mono_rear_01,mono_rear_02,mono_rear_03,mono_rear_04,mono_rear_05,mono_rear_06,lms_front_01,lms_front_02,lms_front_03,lms_front_04,lms_front_05,lms_front_06,lms_rear_01,lms_rear_02,lms_rear_03,lms_rear_04,lms_rear_05,lms_rear_06,ldmrs_01,ldmrs_02,ldmrs_03,ldmrs_04,ldmrs_05,ldmrs_06
2015-05-19-14-06-38,tags,stereo_centre_01,stereo_centre_02,stereo_centre_03,stereo_centre_04,stereo_centre_05,stereo_centre_06,stereo_left_01,stereo_left_02,stereo_left_03,stereo_left_04,stereo_left_05,stereo_left_06,stereo_right_01,stereo_right_02,stereo_right_03,stereo_right_04,stereo_right_05,stereo_right_06,vo,mono_left_01,mono_left_02,mono_left_03,mono_left_04,mono_left_05,mono_left_06,mono_right_01,mono_right_02,mono_right_03,mono_right_04,mono_right_05,mono_right_06,mono_rear_01,mono_rear_02,mono_rear_03,mono_rear_04,mono_rear_05,mono_rear_06,lms_front_01,lms_front_02,lms_front_03,lms_front_04,lms_front_05,lms_front_06,lms_rear_01,lms_rear_02,lms_rear_03,lms_rear_04,lms_rear_05,lms_rear_06,ldmrs_01,ldmrs_02,ldmrs_03,ldmrs_04,ldmrs_05,ldmrs_06,gps
2015-05-22-11-14-30,tags,stereo_centre_01,stereo_centre_02,stereo_centre_03,stereo_centre_04,stereo_centre_05,stereo_centre_06,stereo_left_01,stereo_left_02,stereo_left_03,stereo_left_04,stereo_left_05,stereo_left_06,stereo_right_01,stereo_right_02,stereo_right_03,stereo_right_04,stereo_right_05,stereo_right_06,vo,mono_left_01,mono_left_02,mono_left_03,mono_left_04,mono_left_05,mono_left_06,mono_right_01,mono_right_02,mono_right_03,mono_right_04,mono_right_05,mono_right_06,mono_rear_01,mono_rear_02,mono_rear_03,mono_rear_04,mono_rear_05,mono_rear_06,lms_front_01,lms_front_02,lms_front_03,lms_front_04,lms_front_05,lms_front_06,lms_rear_01,lms_rear_02,lms_rear_03,lms_rear_04,lms_rear_05,lms_rear_06,ldmrs_01,ldmrs_02,ldmrs_03,ldmrs_04,ldmrs_05,ldmrs_06,gps
2015-05-26-13-59-22,tags,stereo_centre_01,stereo_centre_02,stereo_centre_03,stereo_centre_04,stereo_centre_05,stereo_centre_06,stereo_left_01,stereo_left_02,stereo_left_03,stereo_left_04,stereo_left_05,stereo_left_06,stereo_right_01,stereo_right_02,stereo_right_03,stereo_right_04,stereo_right_05,stereo_right_06,vo,mono_left_01,mono_left_02,mono_left_03,mono_left_04,mono_left_05,mono_left_06,mono_right_01,mono_right_02,mono_right_03,mono_right_04,mono_right_05,mono_right_06,mono_rear_01,mono_rear_02,mono_rear_03,mono_rear_04,mono_rear_05,mono_rear_06,lms_front_01,lms_front_02,lms_front_03,lms_front_04,lms_front_05,lms_front_06,lms_rear_01,lms_rear_02,lms_rear_03,lms_rear_04,lms_rear_05,lms_rear_06,ldmrs_01,ldmrs_02,ldmrs_03,ldmrs_04,ldmrs_05,ldmrs_06,gps
2015-05-29-09-36-29,tags,stereo_centre_01,stereo_centre_02,stereo_centre_03,stereo_centre_04,stereo_centre_05,stereo_centre_06,stereo_centre_07,stereo_left_01,stereo_left_02,stereo_left_03,stereo_left_04,stereo_left_05,stereo_left_06,stereo_left_07,stereo_right_01,stereo_right_02,stereo_right_03,stereo_right_04,stereo_right_05,stereo_right_06,stereo_right_07,vo,mono_left_01,mono_left_02,mono_left_03,mono_left_04,mono_left_05,mono_left_06,mono_left_07,mono_right_01,mono_right_02,mono_right_03,mono_right_04,mono_right_05,mono_right_06,mono_right_07,mono_rear_01,mono_rear_02,mono_rear_03,mono_rear_04,mono_rear_05,mono_rear_06,mono_rear_07,lms_front_01,lms_front_02,lms_front_03,lms_front_04,lms_front_05,lms_front_06,lms_front_07,lms_rear_01,lms_rear_02,lms_rear_03,lms_rear_04,lms_rear_05,lms_rear_06,lms_rear_07,ldmrs_01,ldmrs_02,ldmrs_03,ldmrs_04,ldmrs_05,ldmrs_06,ldmrs_07,gps
2015-06-05-10-09-25,tags,mono_left_01,mono_left_02,mono_left_03,mono_left_04,mono_left_05,mono_left_06,mono_left_07,mono_right_01,mono_right_02,mono_right_03,mono_right_04,mono_right_05,mono_right_06,mono_right_07,mono_rear_01,mono_rear_02,mono_rear_03,mono_rear_04,mono_rear_05,mono_rear_06,mono_rear_07,lms_front_01,lms_front_02,lms_front_03,lms_front_04,lms_front_05,lms_front_06,lms_front_07,lms_rear_01,lms_rear_02,lms_rear_03,lms_rear_04,lms_rear_05,lms_rear_06,lms_rear_07,ldmrs_01,ldmrs_02,ldmrs_03,ldmrs_04,ldmrs_05,ldmrs_06,ldmrs_07,gps
2015-06-09-15-06-29,tags,stereo_centre_01,stereo_centre_02,stereo_centre_03,stereo_centre_04,stereo_centre_05,stereo_centre_06,stereo_centre_07,stereo_left_01,stereo_left_02,stereo_left_03,stereo_left_04,stereo_left_05,stereo_left_06,stereo_left_07,stereo_right_01,stereo_right_02,stereo_right_03,stereo_right_04,stereo_right_05,stereo_right_06,stereo_right_07,vo,mono_left_01,mono_left_02,mono_left_03,mono_left_04,mono_left_05,mono_left_06,mono_left_07,mono_right_01,mono_right_02,mono_right_03,mono_right_04,mono_right_05,mono_right_06,mono_right_07,mono_rear_01,mono_rear_02,mono_rear_03,mono_rear_04,mono_rear_05,mono_rear_06,mono_rear_07,lms_front_01,lms_front_02,lms_front_03,lms_front_04,lms_front_05,lms_front_06,lms_front_07,lms_rear_01,lms_rear_02,lms_rear_03,lms_rear_04,lms_rear_05,lms_rear_06,lms_rear_07,ldmrs_01,ldmrs_02,ldmrs_03,ldmrs_04,ldmrs_05,ldmrs_06,ldmrs_07,gps
2015-06-12-08-52-55,tags,stereo_centre_01,stereo_centre_02,stereo_centre_03,stereo_centre_04,stereo_centre_05,stereo_left_01,stereo_left_02,stereo_left_03,stereo_left_04,stereo_left_05,stereo_right_01,stereo_right_02,stereo_right_03,stereo_right_04,stereo_right_05,vo,mono_left_01,mono_left_02,mono_left_03,mono_left_04,mono_left_05,mono_right_01,mono_right_02,mono_right_03,mono_right_04,mono_right_05,mono_rear_01,mono_rear_02,mono_rear_03,mono_rear_04,mono_rear_05,lms_front_01,lms_front_02,lms_front_03,lms_front_04,lms_front_05,lms_rear_01,lms_rear_02,lms_rear_03,lms_rear_04,lms_rear_05,ldmrs_01,ldmrs_02,ldmrs_03,ldmrs_04,ldmrs_05,gps
2015-06-23-13-06-07,tags,stereo_centre_01,stereo_centre_02,stereo_centre_03,stereo_centre_04,stereo_centre_05,stereo_centre_06,stereo_centre_07,stereo_left_01,stereo_left_02,stereo_left_03,stereo_left_04,stereo_left_05,stereo_left_06,stereo_left_07,stereo_right_01,stereo_right_02,stereo_right_03,stereo_right_04,stereo_right_05,stereo_right_06,stereo_right_07,vo,mono_left_01,mono_left_02,mono_left_03,mono_left_04,mono_left_05,mono_left_06,mono_left_07,mono_right_01,mono_right_02,mono_right_03,mono_right_04,mono_right_05,mono_right_06,mono_right_07,mono_rear_01,mono_rear_02,mono_rear_03,mono_rear_04,mono_rear_05,mono_rear_06,mono_rear_07,lms_front_01,lms_front_02,lms_front_03,lms_front_04,lms_front_05,lms_front_06,lms_front_07,lms_rear_01,lms_rear_02,lms_rear_03,lms_rear_04,lms_rear_05,lms_rear_06,lms_rear_07,ldmrs_01,ldmrs_02,ldmrs_03,ldmrs_04,ldmrs_05,ldmrs_06,ldmrs_07,gps
2015-06-26-08-09-43,tags,stereo_centre_01,stereo_centre_02,stereo_centre_03,stereo_centre_04,stereo_centre_05,stereo_centre_06,stereo_left_01,stereo_left_02,stereo_left_03,stereo_left_04,stereo_left_05,stereo_left_06,stereo_right_01,stereo_right_02,stereo_right_03,stereo_right_04,stereo_right_05,stereo_right_06,mono_left_01,mono_left_02,mono_left_03,mono_left_04,mono_left_05,mono_left_06,mono_right_01,mono_right_02,mono_right_03,mono_right_04,mono_right_05,mono_right_06,mono_rear_01,mono_rear_02,mono_rear_03,mono_rear_04,mono_rear_05,mono_rear_06,lms_front_01,lms_front_02,lms_front_03,lms_front_04,lms_front_05,lms_front_06,lms_rear_01,lms_rear_02,lms_rear_03,lms_rear_04,lms_rear_05,lms_rear_06,ldmrs_01,ldmrs_02,ldmrs_03,ldmrs_04,ldmrs_05,ldmrs_06,gps
2015-06-30-13-31-45,tags,stereo_centre_01,stereo_centre_02,stereo_centre_03,stereo_centre_04,stereo_centre_05,stereo_centre_06,stereo_left_01,stereo_left_02,stereo_left_03,stereo_left_04,stereo_left_05,stereo_left_06,stereo_right_01,stereo_right_02,stereo_right_03,stereo_right_04,stereo_right_05,stereo_right_06,vo,mono_left_01,mono_left_02,mono_left_03,mono_left_04,mono_left_05,mono_left_06,mono_right_01,mono_right_02,mono_right_03,mono_right_04,mono_right_05,mono_right_06,mono_rear_01,mono_rear_02,mono_rear_03,mono_rear_04,mono_rear_05,mono_rear_06,lms_front_01,lms_front_02,lms_front_03,lms_front_04,lms_front_05,lms_front_06,lms_rear_01,lms_rear_02,lms_rear_03,lms_rear_04,lms_rear_05,lms_rear_06,ldmrs_01,ldmrs_02,ldmrs_03,ldmrs_04,ldmrs_05,ldmrs_06,gps
2015-07-03-15-23-28,tags,stereo_centre_01,stereo_centre_02,stereo_centre_03,stereo_centre_04,stereo_centre_05,stereo_centre_06,stereo_centre_07,stereo_left_01,stereo_left_02,stereo_left_03,stereo_left_04,stereo_left_05,stereo_left_06,stereo_left_07,stereo_right_01,stereo_right_02,stereo_right_03,stereo_right_04,stereo_right_05,stereo_right_06,stereo_right_07,vo,mono_left_01,mono_left_02,mono_left_03,mono_left_04,mono_left_05,mono_left_06,mono_left_07,mono_right_01,mono_right_02,mono_right_03,mono_right_04,mono_right_05,mono_right_06,mono_right_07,mono_rear_01,mono_rear_02,mono_rear_03,mono_rear_04,mono_rear_05,mono_rear_06,mono_rear_07,lms_front_01,lms_front_02,lms_front_03,lms_front_04,lms_front_05,lms_front_06,lms_front_07,lms_rear_01,lms_rear_02,lms_rear_03,lms_rear_04,lms_rear_05,lms_rear_06,lms_rear_07,ldmrs_01,ldmrs_02,ldmrs_03,ldmrs_04,ldmrs_05,ldmrs_06,ldmrs_07,gps
2015-07-08-13-37-17,tags,stereo_centre_01,stereo_centre_02,stereo_centre_03,stereo_centre_04,stereo_centre_05,stereo_centre_06,stereo_centre_07,stereo_left_01,stereo_left_02,stereo_left_03,stereo_left_04,stereo_left_05,stereo_left_06,stereo_left_07,stereo_right_01,stereo_right_02,stereo_right_03,stereo_right_04,stereo_right_05,stereo_right_06,stereo_right_07,vo,mono_left_01,mono_left_02,mono_left_03,mono_left_04,mono_left_05,mono_left_06,mono_left_07,mono_right_01,mono_right_02,mono_right_03,mono_right_04,mono_right_05,mono_right_06,mono_right_07,mono_rear_01,mono_rear_02,mono_rear_03,mono_rear_04,mono_rear_05,mono_rear_06,mono_rear_07,lms_front_01,lms_front_02,lms_front_03,lms_front_04,lms_front_05,lms_front_06,lms_front_07,lms_rear_01,lms_rear_02,lms_rear_03,lms_rear_04,lms_rear_05,lms_rear_06,lms_rear_07,ldmrs_01,ldmrs_02,ldmrs_03,ldmrs_04,ldmrs_05,ldmrs_06,ldmrs_07,gps
2015-07-10-10-01-59,tags,stereo_centre_01,stereo_centre_02,stereo_centre_03,stereo_centre_04,stereo_centre_05,stereo_centre_06,stereo_left_01,stereo_left_02,stereo_left_03,stereo_left_04,stereo_left_05,stereo_left_06,stereo_right_01,stereo_right_02,stereo_right_03,stereo_right_04,stereo_right_05,stereo_right_06,vo,mono_left_01,mono_left_02,mono_left_03,mono_left_04,mono_left_05,mono_left_06,mono_right_01,mono_right_02,mono_right_03,mono_right_04,mono_right_05,mono_right_06,mono_rear_01,mono_rear_02,mono_rear_03,mono_rear_04,mono_rear_05,mono_rear_06,lms_front_01,lms_front_02,lms_front_03,lms_front_04,lms_front_05,lms_front_06,lms_rear_01,lms_rear_02,lms_rear_03,lms_rear_04,lms_rear_05,lms_rear_06,ldmrs_01,ldmrs_02,ldmrs_03,ldmrs_04,ldmrs_05,ldmrs_06,gps
2015-07-14-16-17-39,tags,stereo_centre_01,stereo_centre_02,stereo_centre_03,stereo_centre_04,stereo_centre_05,stereo_centre_06,stereo_centre_07,stereo_centre_08,stereo_centre_09,stereo_left_01,stereo_left_02,stereo_left_03,stereo_left_04,stereo_left_05,stereo_left_06,stereo_left_07,stereo_left_08,stereo_left_09,stereo_right_01,stereo_right_02,stereo_right_03,stereo_right_04,stereo_right_05,stereo_right_06,stereo_right_07,stereo_right_08,stereo_right_09,vo,mono_left_01,mono_left_02,mono_left_03,mono_left_04,mono_left_05,mono_left_06,mono_left_07,mono_left_08,mono_left_09,mono_right_01,mono_right_02,mono_right_03,mono_right_04,mono_right_05,mono_right_06,mono_right_07,mono_right_08,mono_right_09,mono_rear_01,mono_rear_02,mono_rear_03,mono_rear_04,mono_rear_05,mono_rear_06,mono_rear_07,mono_rear_08,mono_rear_09,lms_front_01,lms_front_02,lms_front_03,lms_front_04,lms_front_05,lms_front_06,lms_front_07,lms_front_08,lms_front_09,lms_rear_01,lms_rear_02,lms_rear_03,lms_rear_04,lms_rear_05,lms_rear_06,lms_rear_07,lms_rear_08,lms_rear_09,ldmrs_01,ldmrs_02,ldmrs_03,ldmrs_04,ldmrs_05,ldmrs_06,ldmrs_07,ldmrs_08,ldmrs_09,gps
2015-07-17-10-12-27,tags,mono_left_01,mono_left_02,mono_left_03,mono_left_04,mono_left_05,mono_right_01,mono_right_02,mono_right_03,mono_right_04,mono_right_05,mono_rear_01,mono_rear_02,mono_rear_03,mono_rear_04,mono_rear_05,lms_front_01,lms_front_02,lms_front_03,lms_front_04,lms_front_05,lms_rear_01,lms_rear_02,lms_rear_03,lms_rear_04,lms_rear_05,ldmrs_01,ldmrs_02,ldmrs_03,ldmrs_04,ldmrs_05
2015-07-21-08-26-57,tags,stereo_centre_01,stereo_centre_02,stereo_centre_03,stereo_centre_04,stereo_centre_05,stereo_left_01,stereo_left_02,stereo_left_03,stereo_left_04,stereo_left_05,stereo_right_01,stereo_right_02,stereo_right_03,stereo_right_04,stereo_right_05,vo,mono_left_01,mono_left_02,mono_left_03,mono_left_04,mono_left_05,mono_right_01,mono_right_02,mono_right_03,mono_right_04,mono_right_05,mono_rear_01,mono_rear_02,mono_rear_03,mono_rear_04,mono_rear_05,lms_front_01,lms_front_02,lms_front_03,lms_front_04,lms_front_05,lms_rear_01,lms_rear_02,lms_rear_03,lms_rear_04,lms_rear_05,ldmrs_01,ldmrs_02,ldmrs_03,ldmrs_04,ldmrs_05
2015-07-24-14-17-50,tags,stereo_centre_01,stereo_centre_02,stereo_left_01,stereo_left_02,stereo_right_01,stereo_right_02,vo,mono_left_01,mono_left_02,mono_right_01,mono_right_02,mono_rear_01,mono_rear_02,lms_front_01,lms_front_02,lms_rear_01,lms_rear_02,ldmrs_01,ldmrs_02
2015-07-24-14-36-47,tags,stereo_centre_01,stereo_centre_02,stereo_centre_03,stereo_centre_04,stereo_centre_05,stereo_left_01,stereo_left_02,stereo_left_03,stereo_left_04,stereo_left_05,stereo_right_01,stereo_right_02,stereo_right_03,stereo_right_04,stereo_right_05,vo,mono_left_01,mono_left_02,mono_left_03,mono_left_04,mono_left_05,mono_right_01,mono_right_02,mono_right_03,mono_right_04,mono_right_05,mono_rear_01,mono_rear_02,mono_rear_03,mono_rear_04,mono_rear_05,lms_front_01,lms_front_02,lms_front_03,lms_front_04,lms_front_05,lms_rear_01,lms_rear_02,lms_rear_03,lms_rear_04,lms_rear_05,ldmrs_01,ldmrs_02,ldmrs_03,ldmrs_04,ldmrs_05
2015-07-29-13-09-26,tags,stereo_centre_01,stereo_centre_02,stereo_centre_03,stereo_centre_04,stereo_centre_05,stereo_centre_06,stereo_left_01,stereo_left_02,stereo_left_03,stereo_left_04,stereo_left_05,stereo_left_06,stereo_right_01,stereo_right_02,stereo_right_03,stereo_right_04,stereo_right_05,stereo_right_06,vo,mono_left_01,mono_left_02,mono_left_03,mono_left_04,mono_left_05,mono_left_06,mono_right_01,mono_right_02,mono_right_03,mono_right_04,mono_right_05,mono_right_06,mono_rear_01,mono_rear_02,mono_rear_03,mono_rear_04,mono_rear_05,mono_rear_06,lms_front_01,lms_front_02,lms_front_03,lms_front_04,lms_front_05,lms_front_06,lms_rear_01,lms_rear_02,lms_rear_03,lms_rear_04,lms_rear_05,lms_rear_06,ldmrs_01,ldmrs_02,ldmrs_03,ldmrs_04,ldmrs_05,ldmrs_06
2015-08-04-09-12-27,tags,stereo_centre_01,stereo_centre_02,stereo_centre_03,stereo_centre_04,stereo_centre_05,stereo_left_01,stereo_left_02,stereo_left_03,stereo_left_04,stereo_left_05,stereo_right_01,stereo_right_02,stereo_right_03,stereo_right_04,stereo_right_05,vo,mono_left_01,mono_left_02,mono_left_03,mono_left_04,mono_left_05,mono_right_01,mono_right_02,mono_right_03,mono_right_04,mono_right_05,mono_rear_01,mono_rear_02,mono_rear_03,mono_rear_04,mono_rear_05,lms_front_01,lms_front_02,lms_front_03,lms_front_04,lms_front_05,lms_rear_01,lms_rear_02,lms_rear_03,lms_rear_04,lms_rear_05,ldmrs_01,ldmrs_02,ldmrs_03,ldmrs_04,ldmrs_05,gps
2015-08-05-14-07-34,tags
2015-08-12-15-04-18,tags,stereo_centre_01,stereo_centre_02,stereo_centre_03,stereo_centre_04,stereo_centre_05,stereo_centre_06,stereo_left_01,stereo_left_02,stereo_left_03,stereo_left_04,stereo_left_05,stereo_left_06,stereo_right_01,stereo_right_02,stereo_right_03,stereo_right_04,stereo_right_05,stereo_right_06,vo,mono_left_01,mono_left_02,mono_left_03,mono_left_04,mono_left_05,mono_left_06,mono_right_01,mono_right_02,mono_right_03,mono_right_04,mono_right_05,mono_right_06,mono_rear_01,mono_rear_02,mono_rear_03,mono_rear_04,mono_rear_05,mono_rear_06,lms_front_01,lms_front_02,lms_front_03,lms_front_04,lms_front_05,lms_front_06,lms_rear_01,lms_rear_02,lms_rear_03,lms_rear_04,lms_rear_05,lms_rear_06,ldmrs_01,ldmrs_02,ldmrs_03,ldmrs_04,ldmrs_05,ldmrs_06,gps
2015-08-13-16-02-58,tags,stereo_centre_01,stereo_centre_02,stereo_centre_03,stereo_centre_04,stereo_centre_05,stereo_centre_06,stereo_centre_07,stereo_centre_08,stereo_left_01,stereo_left_02,stereo_left_03,stereo_left_04,stereo_left_05,stereo_left_06,stereo_left_07,stereo_left_08,stereo_right_01,stereo_right_02,stereo_right_03,stereo_right_04,stereo_right_05,stereo_right_06,stereo_right_07,stereo_right_08,vo,mono_left_01,mono_left_02,mono_left_03,mono_left_04,mono_left_05,mono_left_06,mono_left_07,mono_left_08,mono_right_01,mono_right_02,mono_right_03,mono_right_04,mono_right_05,mono_right_06,mono_right_07,mono_right_08,mono_rear_01,mono_rear_02,mono_rear_03,mono_rear_04,mono_rear_05,mono_rear_06,mono_rear_07,mono_rear_08,lms_front_01,lms_front_02,lms_front_03,lms_front_04,lms_front_05,lms_front_06,lms_front_07,lms_front_08,lms_rear_01,lms_rear_02,lms_rear_03,lms_rear_04,lms_rear_05,lms_rear_06,lms_rear_07,lms_rear_08,ldmrs_01,ldmrs_02,ldmrs_03,ldmrs_04,ldmrs_05,ldmrs_06,ldmrs_07,ldmrs_08,gps
2015-08-14-14-54-57,tags,stereo_centre_01,stereo_centre_02,stereo_centre_03,stereo_centre_04,stereo_centre_05,stereo_centre_06,stereo_centre_07,stereo_left_01,stereo_left_02,stereo_left_03,stereo_left_04,stereo_left_05,stereo_left_06,stereo_left_07,stereo_right_01,stereo_right_02,stereo_right_03,stereo_right_04,stereo_right_05,stereo_right_06,stereo_right_07,vo,mono_left_01,mono_left_02,mono_left_03,mono_left_04,mono_left_05,mono_left_06,mono_left_07,mono_right_01,mono_right_02,mono_right_03,mono_right_04,mono_right_05,mono_right_06,mono_right_07,mono_rear_01,mono_rear_02,mono_rear_03,mono_rear_04,mono_rear_05,mono_rear_06,mono_rear_07,lms_front_01,lms_front_02,lms_front_03,lms_front_04,lms_front_05,lms_front_06,lms_front_07,lms_rear_01,lms_rear_02,lms_rear_03,lms_rear_04,lms_rear_05,lms_rear_06,lms_rear_07,ldmrs_01,ldmrs_02,ldmrs_03,ldmrs_04,ldmrs_05,ldmrs_06,ldmrs_07,gps
2015-08-17-10-26-38,tags,stereo_centre_01,stereo_centre_02,stereo_left_01,stereo_left_02,stereo_right_01,stereo_right_02,vo,mono_left_01,mono_left_02,mono_right_01,mono_right_02,mono_rear_01,mono_rear_02,lms_front_01,lms_front_02,lms_rear_01,lms_rear_02,ldmrs_01,ldmrs_02,gps
2015-08-17-10-42-18,tags,stereo_centre_01,stereo_centre_02,stereo_centre_03,stereo_centre_04,stereo_centre_05,stereo_centre_06,stereo_left_01,stereo_left_02,stereo_left_03,stereo_left_04,stereo_left_05,stereo_left_06,stereo_right_01,stereo_right_02,stereo_right_03,stereo_right_04,stereo_right_05,stereo_right_06,vo,mono_left_01,mono_left_02,mono_left_03,mono_left_04,mono_left_05,mono_left_06,mono_right_01,mono_right_02,mono_right_03,mono_right_04,mono_right_05,mono_right_06,mono_rear_01,mono_rear_02,mono_rear_03,mono_rear_04,mono_rear_05,mono_rear_06,lms_front_01,lms_front_02,lms_front_03,lms_front_04,lms_front_05,lms_front_06,lms_rear_01,lms_rear_02,lms_rear_03,lms_rear_04,lms_rear_05,lms_rear_06,ldmrs_01,ldmrs_02,ldmrs_03,ldmrs_04,ldmrs_05,ldmrs_06,gps
2015-08-17-13-30-19,tags,stereo_centre_01,stereo_centre_02,stereo_centre_03,stereo_centre_04,stereo_left_01,stereo_left_02,stereo_left_03,stereo_left_04,stereo_right_01,stereo_right_02,stereo_right_03,stereo_right_04,vo,mono_left_01,mono_left_02,mono_left_03,mono_left_04,mono_right_01,mono_right_02,mono_right_03,mono_right_04,mono_rear_01,mono_rear_02,mono_rear_03,mono_rear_04,lms_front_01,lms_front_02,lms_front_03,lms_front_04,lms_rear_01,lms_rear_02,lms_rear_03,lms_rear_04,ldmrs_01,ldmrs_02,ldmrs_03,ldmrs_04,gps
2015-08-18-10-05-52,tags,stereo_centre_01,stereo_centre_02,stereo_centre_03,stereo_centre_04,stereo_centre_05,stereo_centre_06,stereo_left_01,stereo_left_02,stereo_left_03,stereo_left_04,stereo_left_05,stereo_left_06,stereo_right_01,stereo_right_02,stereo_right_03,stereo_right_04,stereo_right_05,stereo_right_06,vo,mono_left_01,mono_left_02,mono_left_03,mono_left_04,mono_left_05,mono_left_06,mono_right_01,mono_right_02,mono_right_03,mono_right_04,mono_right_05,mono_right_06,mono_rear_01,mono_rear_02,mono_rear_03,mono_rear_04,mono_rear_05,mono_rear_06,lms_front_01,lms_front_02,lms_front_03,lms_front_04,lms_front_05,lms_front_06,lms_rear_01,lms_rear_02,lms_rear_03,lms_rear_04,lms_rear_05,lms_rear_06,ldmrs_01,ldmrs_02,ldmrs_03,ldmrs_04,ldmrs_05,ldmrs_06,gps
2015-08-18-14-42-51,tags
2015-08-20-12-00-47,tags,stereo_centre_01,stereo_centre_02,stereo_centre_03,stereo_centre_04,stereo_left_01,stereo_left_02,stereo_left_03,stereo_left_04,stereo_right_01,stereo_right_02,stereo_right_03,stereo_right_04,vo,mono_left_01,mono_left_02,mono_left_03,mono_left_04,mono_right_01,mono_right_02,mono_right_03,mono_right_04,mono_rear_01,mono_rear_02,mono_rear_03,mono_rear_04,lms_front_01,lms_front_02,lms_front_03,lms_front_04,lms_rear_01,lms_rear_02,lms_rear_03,lms_rear_04,ldmrs_01,ldmrs_02,ldmrs_03,ldmrs_04,gps
2015-08-20-15-47-38,tags,stereo_centre_01,stereo_centre_02,stereo_centre_03,stereo_centre_04,stereo_centre_05,stereo_centre_06,stereo_centre_07,stereo_left_01,stereo_left_02,stereo_left_03,stereo_left_04,stereo_left_05,stereo_left_06,stereo_left_07,stereo_right_01,stereo_right_02,stereo_right_03,stereo_right_04,stereo_right_05,stereo_right_06,stereo_right_07,vo,mono_left_01,mono_left_02,mono_left_03,mono_left_04,mono_left_05,mono_left_06,mono_left_07,mono_right_01,mono_right_02,mono_right_03,mono_right_04,mono_right_05,mono_right_06,mono_right_07,mono_rear_01,mono_rear_02,mono_rear_03,mono_rear_04,mono_rear_05,mono_rear_06,mono_rear_07,lms_front_01,lms_front_02,lms_front_03,lms_front_04,lms_front_05,lms_front_06,lms_front_07,lms_rear_01,lms_rear_02,lms_rear_03,lms_rear_04,lms_rear_05,lms_rear_06,lms_rear_07,ldmrs_01,ldmrs_02,ldmrs_03,ldmrs_04,ldmrs_05,ldmrs_06,ldmrs_07,gps
2015-08-21-10-40-24,tags,stereo_centre_01,stereo_centre_02,stereo_centre_03,stereo_centre_04,stereo_centre_05,stereo_centre_06,stereo_left_01,stereo_left_02,stereo_left_03,stereo_left_04,stereo_left_05,stereo_left_06,stereo_right_01,stereo_right_02,stereo_right_03,stereo_right_04,stereo_right_05,stereo_right_06,vo,mono_left_01,mono_left_02,mono_left_03,mono_left_04,mono_left_05,mono_left_06,mono_right_01,mono_right_02,mono_right_03,mono_right_04,mono_right_05,mono_right_06,mono_rear_01,mono_rear_02,mono_rear_03,mono_rear_04,mono_rear_05,mono_rear_06,lms_front_01,lms_front_02,lms_front_03,lms_front_04,lms_front_05,lms_front_06,lms_rear_01,lms_rear_02,lms_rear_03,lms_rear_04,lms_rear_05,lms_rear_06,ldmrs_01,ldmrs_02,ldmrs_03,ldmrs_04,ldmrs_05,ldmrs_06,gps
2015-08-21-16-23-57,tags,stereo_centre_01,stereo_centre_02,stereo_centre_03,stereo_centre_04,stereo_centre_05,stereo_centre_06,stereo_left_01,stereo_left_02,stereo_left_03,stereo_left_04,stereo_left_05,stereo_left_06,stereo_right_01,stereo_right_02,stereo_right_03,stereo_right_04,stereo_right_05,stereo_right_06,vo,mono_left_01,mono_left_02,mono_left_03,mono_left_04,mono_left_05,mono_left_06,mono_right_01,mono_right_02,mono_right_03,mono_right_04,mono_right_05,mono_right_06,mono_rear_01,mono_rear_02,mono_rear_03,mono_rear_04,mono_rear_05,mono_rear_06,lms_front_01,lms_front_02,lms_front_03,lms_front_04,lms_front_05,lms_front_06,lms_rear_01,lms_rear_02,lms_rear_03,lms_rear_04,lms_rear_05,lms_rear_06,ldmrs_01,ldmrs_02,ldmrs_03,ldmrs_04,ldmrs_05,ldmrs_06,gps
2015-08-26-15-23-36,tags
2015-08-27-10-06-57,tags,stereo_centre_01,stereo_centre_02,stereo_centre_03,stereo_centre_04,stereo_centre_05,stereo_centre_06,stereo_left_01,stereo_left_02,stereo_left_03,stereo_left_04,stereo_left_05,stereo_left_06,stereo_right_01,stereo_right_02,stereo_right_03,stereo_right_04,stereo_right_05,stereo_right_06,vo,mono_left_01,mono_left_02,mono_left_03,mono_left_04,mono_left_05,mono_left_06,mono_right_01,mono_right_02,mono_right_03,mono_right_04,mono_right_05,mono_right_06,mono_rear_01,mono_rear_02,mono_rear_03,mono_rear_04,mono_rear_05,mono_rear_06,lms_front_01,lms_front_02,lms_front_03,lms_front_04,lms_front_05,lms_front_06,lms_rear_01,lms_rear_02,lms_rear_03,lms_rear_04,lms_rear_05,lms_rear_06,ldmrs_01,ldmrs_02,ldmrs_03,ldmrs_04,ldmrs_05,ldmrs_06,gps
2015-08-27-16-07-13,tags,stereo_centre_01,stereo_centre_02,stereo_centre_03,stereo_centre_04,stereo_centre_05,stereo_centre_06,stereo_centre_07,stereo_left_01,stereo_left_02,stereo_left_03,stereo_left_04,stereo_left_05,stereo_left_06,stereo_left_07,stereo_right_01,stereo_right_02,stereo_right_03,stereo_right_04,stereo_right_05,stereo_right_06,stereo_right_07,vo,mono_left_01,mono_left_02,mono_left_03,mono_left_04,mono_left_05,mono_left_06,mono_left_07,mono_right_01,mono_right_02,mono_right_03,mono_right_04,mono_right_05,mono_right_06,mono_right_07,mono_rear_01,mono_rear_02,mono_rear_03,mono_rear_04,mono_rear_05,mono_rear_06,mono_rear_07,lms_front_01,lms_front_02,lms_front_03,lms_front_04,lms_front_05,lms_front_06,lms_front_07,lms_rear_01,lms_rear_02,lms_rear_03,lms_rear_04,lms_rear_05,lms_rear_06,lms_rear_07,ldmrs_01,ldmrs_02,ldmrs_03,ldmrs_04,ldmrs_05,ldmrs_06,ldmrs_07,gps
2015-08-28-09-50-22,tags,stereo_centre_01,stereo_centre_02,stereo_centre_03,stereo_centre_04,stereo_centre_05,stereo_centre_06,stereo_left_01,stereo_left_02,stereo_left_03,stereo_left_04,stereo_left_05,stereo_left_06,stereo_right_01,stereo_right_02,stereo_right_03,stereo_right_04,stereo_right_05,stereo_right_06,vo,mono_left_01,mono_left_02,mono_left_03,mono_left_04,mono_left_05,mono_left_06,mono_right_01,mono_right_02,mono_right_03,mono_right_04,mono_right_05,mono_right_06,mono_rear_01,mono_rear_02,mono_rear_03,mono_rear_04,mono_rear_05,mono_rear_06,lms_front_01,lms_front_02,lms_front_03,lms_front_04,lms_front_05,lms_front_06,lms_rear_01,lms_rear_02,lms_rear_03,lms_rear_04,lms_rear_05,lms_rear_06,ldmrs_01,ldmrs_02,ldmrs_03,ldmrs_04,ldmrs_05,ldmrs_06,gps
2015-09-01-21-16-05,tags,stereo_centre_01,stereo_centre_02,stereo_centre_03,stereo_centre_04,stereo_centre_05,stereo_left_01,stereo_left_02,stereo_left_03,stereo_left_04,stereo_left_05,stereo_right_01,stereo_right_02,stereo_right_03,stereo_right_04,stereo_right_05,vo,mono_left_01,mono_left_02,mono_left_03,mono_left_04,mono_left_05,mono_right_01,mono_right_02,mono_right_03,mono_right_04,mono_right_05,mono_rear_01,mono_rear_02,mono_rear_03,mono_rear_04,mono_rear_05,lms_front_01,lms_front_02,lms_front_03,lms_front_04,lms_front_05,lms_rear_01,lms_rear_02,lms_rear_03,lms_rear_04,lms_rear_05,ldmrs_01,ldmrs_02,ldmrs_03,ldmrs_04,ldmrs_05,gps
2015-09-01-21-44-08,tags,stereo_centre_01,stereo_centre_02,stereo_centre_03,stereo_centre_04,stereo_centre_05,stereo_left_01,stereo_left_02,stereo_left_03,stereo_left_04,stereo_left_05,stereo_right_01,stereo_right_02,stereo_right_03,stereo_right_04,stereo_right_05,vo,mono_left_01,mono_left_02,mono_left_03,mono_left_04,mono_left_05,mono_right_01,mono_right_02,mono_right_03,mono_right_04,mono_right_05,mono_rear_01,mono_rear_02,mono_rear_03,mono_rear_04,mono_rear_05,lms_front_01,lms_front_02,lms_front_03,lms_front_04,lms_front_05,lms_rear_01,lms_rear_02,lms_rear_03,lms_rear_04,lms_rear_05,ldmrs_01,ldmrs_02,ldmrs_03,ldmrs_04,ldmrs_05,gps
2015-09-02-10-37-32,tags,stereo_centre_01,stereo_centre_02,stereo_centre_03,stereo_centre_04,stereo_left_01,stereo_left_02,stereo_left_03,stereo_left_04,stereo_left_05,stereo_left_06,stereo_right_01,stereo_right_02,stereo_right_03,stereo_right_04,stereo_right_05,stereo_right_06,vo,mono_left_01,mono_left_02,mono_left_03,mono_left_04,mono_left_05,mono_left_06,mono_right_01,mono_right_02,mono_right_03,mono_right_04,mono_right_05,mono_right_06,mono_rear_01,mono_rear_02,mono_rear_03,mono_rear_04,mono_rear_05,mono_rear_06,lms_front_01,lms_front_02,lms_front_03,lms_front_04,lms_front_05,lms_front_06,lms_rear_01,lms_rear_02,lms_rear_03,lms_rear_04,lms_rear_05,lms_rear_06,ldmrs_01,ldmrs_02,ldmrs_03,ldmrs_04,ldmrs_05,ldmrs_06,gps
2015-10-28-14-13-51,tags,stereo_centre_01,stereo_centre_02,stereo_centre_03,stereo_centre_04,stereo_centre_05,stereo_centre_06,stereo_centre_07,stereo_centre_08,stereo_left_01,stereo_left_02,stereo_left_03,stereo_left_04,stereo_left_05,stereo_left_06,stereo_left_07,stereo_left_08,stereo_right_01,stereo_right_02,stereo_right_03,stereo_right_04,stereo_right_05,stereo_right_06,stereo_right_07,stereo_right_08,vo,mono_left_01,mono_left_02,mono_left_03,mono_left_04,mono_left_05,mono_left_06,mono_left_07,mono_left_08,mono_right_01,mono_right_02,mono_right_03,mono_right_04,mono_right_05,mono_right_06,mono_right_07,mono_right_08,mono_rear_01,mono_rear_02,mono_rear_03,mono_rear_04,mono_rear_05,mono_rear_06,mono_rear_07,mono_rear_08,lms_front_01,lms_front_02,lms_front_03,lms_front_04,lms_front_05,lms_front_06,lms_front_07,lms_front_08,lms_rear_01,lms_rear_02,lms_rear_03,lms_rear_04,lms_rear_05,lms_rear_06,lms_rear_07,lms_rear_08,ldmrs_01,ldmrs_02,ldmrs_03,ldmrs_04,ldmrs_05,ldmrs_06,ldmrs_07,ldmrs_08
2015-10-29-10-55-43,tags,stereo_centre_01,stereo_centre_02,stereo_centre_03,stereo_centre_04,stereo_centre_05,stereo_centre_06,stereo_left_01,stereo_left_02,stereo_left_03,stereo_left_04,stereo_left_05,stereo_left_06,stereo_right_01,stereo_right_02,stereo_right_03,stereo_right_04,stereo_right_05,stereo_right_06,vo,mono_left_01,mono_left_02,mono_left_03,mono_left_04,mono_left_05,mono_left_06,mono_right_01,mono_right_02,mono_right_03,mono_right_04,mono_right_05,mono_right_06,mono_rear_01,mono_rear_02,mono_rear_03,mono_rear_04,mono_rear_05,mono_rear_06,lms_front_01,lms_front_02,lms_front_03,lms_front_04,lms_front_05,lms_front_06,lms_rear_01,lms_rear_02,lms_rear_03,lms_rear_04,lms_rear_05,lms_rear_06,ldmrs_01,ldmrs_02,ldmrs_03,ldmrs_04,ldmrs_05,ldmrs_06,gps
2015-10-29-12-18-17,tags,stereo_centre_01,stereo_centre_02,stereo_centre_03,stereo_centre_04,stereo_centre_05,stereo_centre_06,stereo_centre_07,stereo_left_01,stereo_left_02,stereo_left_03,stereo_left_04,stereo_left_05,stereo_left_06,stereo_left_07,stereo_right_01,stereo_right_02,stereo_right_03,stereo_right_04,stereo_right_05,stereo_right_06,stereo_right_07,vo,mono_left_01,mono_left_02,mono_left_03,mono_left_04,mono_left_05,mono_left_06,mono_left_07,mono_right_01,mono_right_02,mono_right_03,mono_right_04,mono_right_05,mono_right_06,mono_right_07,mono_rear_01,mono_rear_02,mono_rear_03,mono_rear_04,mono_rear_05,mono_rear_06,mono_rear_07,lms_front_01,lms_front_02,lms_front_03,lms_front_04,lms_front_05,lms_front_06,lms_front_07,lms_rear_01,lms_rear_02,lms_rear_03,lms_rear_04,lms_rear_05,lms_rear_06,lms_rear_07,ldmrs_01,ldmrs_02,ldmrs_03,ldmrs_04,ldmrs_05,ldmrs_06,ldmrs_07,gps
2015-10-30-11-56-36,tags,stereo_centre_01,stereo_centre_02,stereo_left_01,stereo_left_02,stereo_right_01,stereo_right_02,vo,mono_left_01,mono_left_02,mono_right_01,mono_right_02,mono_rear_01,mono_rear_02,lms_front_01,lms_front_02,lms_rear_01,lms_rear_02,ldmrs_01,ldmrs_02,gps
2015-10-30-13-52-14,tags,stereo_centre_01,stereo_centre_02,stereo_centre_03,stereo_centre_04,stereo_centre_05,stereo_centre_06,stereo_centre_07,stereo_centre_08,stereo_centre_09,stereo_left_01,stereo_left_02,stereo_left_03,stereo_left_04,stereo_left_05,stereo_left_06,stereo_left_07,stereo_left_08,stereo_left_09,stereo_right_01,stereo_right_02,stereo_right_03,stereo_right_04,stereo_right_05,stereo_right_06,stereo_right_07,stereo_right_08,stereo_right_09,vo,mono_left_01,mono_left_02,mono_left_03,mono_left_04,mono_left_05,mono_left_06,mono_left_07,mono_left_08,mono_left_09,mono_right_01,mono_right_02,mono_right_03,mono_right_04,mono_right_05,mono_right_06,mono_right_07,mono_right_08,mono_right_09,mono_rear_01,mono_rear_02,mono_rear_03,mono_rear_04,mono_rear_05,mono_rear_06,mono_rear_07,mono_rear_08,mono_rear_09,lms_front_01,lms_front_02,lms_front_03,lms_front_04,lms_front_05,lms_front_06,lms_front_07,lms_front_08,lms_front_09,lms_rear_01,lms_rear_02,lms_rear_03,lms_rear_04,lms_rear_05,lms_rear_06,lms_rear_07,lms_rear_08,lms_rear_09,ldmrs_01,ldmrs_02,ldmrs_03,ldmrs_04,ldmrs_05,ldmrs_06,ldmrs_07,ldmrs_08,ldmrs_09,gps
2015-11-02-10-45-59,tags,stereo_centre_01,stereo_centre_02,stereo_centre_03,stereo_centre_04,stereo_centre_05,stereo_centre_06,stereo_centre_07,stereo_centre_08,stereo_left_01,stereo_left_02,stereo_left_03,stereo_left_04,stereo_left_05,stereo_left_06,stereo_left_07,stereo_left_08,stereo_right_01,stereo_right_02,stereo_right_03,stereo_right_04,stereo_right_05,stereo_right_06,stereo_right_07,stereo_right_08,vo,mono_left_01,mono_left_02,mono_left_03,mono_left_04,mono_left_05,mono_left_06,mono_left_07,mono_left_08,mono_right_01,mono_right_02,mono_right_03,mono_right_04,mono_right_05,mono_right_06,mono_right_07,mono_right_08,mono_rear_01,mono_rear_02,mono_rear_03,mono_rear_04,mono_rear_05,mono_rear_06,mono_rear_07,mono_rear_08,lms_front_01,lms_front_02,lms_front_03,lms_front_04,lms_front_05,lms_front_06,lms_front_07,lms_front_08,lms_rear_01,lms_rear_02,lms_rear_03,lms_rear_04,lms_rear_05,lms_rear_06,lms_rear_07,lms_rear_08,ldmrs_01,ldmrs_02,ldmrs_03,ldmrs_04,ldmrs_05,ldmrs_06,ldmrs_07,ldmrs_08,gps
2015-11-02-15-17-19,tags,stereo_centre_01,stereo_centre_02,stereo_centre_03,stereo_centre_04,stereo_centre_05,stereo_centre_06,stereo_left_01,stereo_left_02,stereo_left_03,stereo_left_04,stereo_left_05,stereo_left_06,stereo_right_01,stereo_right_02,stereo_right_03,stereo_right_04,stereo_right_05,stereo_right_06,vo,mono_left_01,mono_left_02,mono_left_03,mono_left_04,mono_left_05,mono_left_06,mono_right_01,mono_right_02,mono_right_03,mono_right_04,mono_right_05,mono_right_06,mono_rear_01,mono_rear_02,mono_rear_03,mono_rear_04,mono_rear_05,mono_rear_06,lms_front_01,lms_front_02,lms_front_03,lms_front_04,lms_front_05,lms_front_06,lms_rear_01,lms_rear_02,lms_rear_03,lms_rear_04,lms_rear_05,lms_rear_06,ldmrs_01,ldmrs_02,ldmrs_03,ldmrs_04,ldmrs_05,ldmrs_06,gps
2015-11-03-14-29-59,tags,stereo_centre_01,stereo_centre_02,stereo_centre_03,stereo_left_01,stereo_left_02,stereo_left_03,stereo_right_01,stereo_right_02,stereo_right_03,vo,mono_left_01,mono_left_02,mono_left_03,mono_right_01,mono_right_02,mono_right_03,mono_rear_01,mono_rear_02,mono_rear_03,lms_front_01,lms_front_02,lms_front_03,lms_rear_01,lms_rear_02,lms_rear_03,ldmrs_01,ldmrs_02,ldmrs_03,gps
2015-11-04-14-06-53,tags,stereo_centre_01,stereo_centre_02,stereo_centre_03,stereo_centre_04,stereo_centre_05,stereo_centre_06,stereo_centre_07,stereo_left_01,stereo_left_02,stereo_left_03,stereo_left_04,stereo_left_05,stereo_left_06,stereo_left_07,stereo_right_01,stereo_right_02,stereo_right_03,stereo_right_04,stereo_right_05,stereo_right_06,stereo_right_07,vo,mono_left_01,mono_left_02,mono_left_03,mono_left_04,mono_left_05,mono_left_06,mono_left_07,mono_right_01,mono_right_02,mono_right_03,mono_right_04,mono_right_05,mono_right_06,mono_right_07,mono_rear_01,mono_rear_02,mono_rear_03,mono_rear_04,mono_rear_05,mono_rear_06,mono_rear_07,lms_front_01,lms_front_02,lms_front_03,lms_front_04,lms_front_05,lms_front_06,lms_front_07,lms_rear_01,lms_rear_02,lms_rear_03,lms_rear_04,lms_rear_05,lms_rear_06,lms_rear_07,ldmrs_01,ldmrs_02,ldmrs_03,ldmrs_04,ldmrs_05,ldmrs_06,ldmrs_07
2015-11-05-11-55-40,tags,stereo_centre_01,stereo_centre_02,stereo_centre_03,stereo_centre_04,stereo_centre_05,stereo_centre_06,stereo_centre_07,stereo_left_01,stereo_left_02,stereo_left_03,stereo_left_04,stereo_left_05,stereo_left_06,stereo_left_07,stereo_right_01,stereo_right_02,stereo_right_03,stereo_right_04,stereo_right_05,stereo_right_06,stereo_right_07,vo,mono_left_01,mono_left_02,mono_left_03,mono_left_04,mono_left_05,mono_left_06,mono_left_07,mono_right_01,mono_right_02,mono_right_03,mono_right_04,mono_right_05,mono_right_06,mono_right_07,mono_rear_01,mono_rear_02,mono_rear_03,mono_rear_04,mono_rear_05,mono_rear_06,mono_rear_07,lms_front_01,lms_front_02,lms_front_03,lms_front_04,lms_front_05,lms_front_06,lms_front_07,lms_rear_01,lms_rear_02,lms_rear_03,lms_rear_04,lms_rear_05,lms_rear_06,lms_rear_07,ldmrs_01,ldmrs_02,ldmrs_03,ldmrs_04,ldmrs_05,ldmrs_06,ldmrs_07
2015-11-06-11-21-12,tags,stereo_centre_01,stereo_centre_02,stereo_centre_03,stereo_centre_04,stereo_centre_05,stereo_left_01,stereo_left_02,stereo_left_03,stereo_left_04,stereo_left_05,stereo_right_01,stereo_right_02,stereo_right_03,stereo_right_04,stereo_right_05,vo,mono_left_01,mono_left_02,mono_left_03,mono_left_04,mono_left_05,mono_right_01,mono_right_02,mono_right_03,mono_right_04,mono_right_05,mono_rear_01,mono_rear_02,mono_rear_03,mono_rear_04,mono_rear_05,lms_front_01,lms_front_02,lms_front_03,lms_front_04,lms_front_05,lms_rear_01,lms_rear_02,lms_rear_03,lms_rear_04,lms_rear_05,ldmrs_01,ldmrs_02,ldmrs_03,ldmrs_04,ldmrs_05
2015-11-10-10-32-52,tags,stereo_centre_01,stereo_centre_02,stereo_centre_03,stereo_centre_04,stereo_centre_05,stereo_left_01,stereo_left_02,stereo_left_03,stereo_left_04,stereo_left_05,stereo_right_01,stereo_right_02,stereo_right_03,stereo_right_04,stereo_right_05,vo,mono_left_01,mono_left_02,mono_left_03,mono_left_04,mono_left_05,mono_right_01,mono_right_02,mono_right_03,mono_right_04,mono_right_05,mono_rear_01,mono_rear_02,mono_rear_03,mono_rear_04,mono_rear_05,lms_front_01,lms_front_02,lms_front_03,lms_front_04,lms_front_05,lms_rear_01,lms_rear_02,lms_rear_03,lms_rear_04,lms_rear_05,ldmrs_01,ldmrs_02,ldmrs_03,ldmrs_04,ldmrs_05,gps
2015-11-10-11-55-47,tags,stereo_centre_01,stereo_centre_02,stereo_centre_03,stereo_centre_04,stereo_left_01,stereo_left_02,stereo_left_03,stereo_left_04,stereo_right_01,stereo_right_02,stereo_right_03,stereo_right_04,vo,mono_left_01,mono_left_02,mono_left_03,mono_left_04,mono_right_01,mono_right_02,mono_right_03,mono_right_04,mono_rear_01,mono_rear_02,mono_rear_03,mono_rear_04,lms_front_01,lms_front_02,lms_front_03,lms_front_04,lms_rear_01,lms_rear_02,lms_rear_03,lms_rear_04,ldmrs_01,ldmrs_02,ldmrs_03,ldmrs_04,gps
2015-11-10-14-15-57,tags,stereo_centre_01,stereo_centre_02,stereo_centre_03,stereo_centre_04,stereo_centre_05,stereo_centre_06,stereo_left_01,stereo_left_02,stereo_left_03,stereo_left_04,stereo_left_05,stereo_left_06,stereo_right_01,stereo_right_02,stereo_right_03,stereo_right_04,stereo_right_05,stereo_right_06,vo,mono_left_01,mono_left_02,mono_left_03,mono_left_04,mono_left_05,mono_left_06,mono_right_01,mono_right_02,mono_right_03,mono_right_04,mono_right_05,mono_right_06,mono_rear_01,mono_rear_02,mono_rear_03,mono_rear_04,mono_rear_05,mono_rear_06,lms_front_01,lms_front_02,lms_front_03,lms_front_04,lms_front_05,lms_front_06,lms_rear_01,lms_rear_02,lms_rear_03,lms_rear_04,lms_rear_05,lms_rear_06,ldmrs_01,ldmrs_02,ldmrs_03,ldmrs_04,ldmrs_05,ldmrs_06,gps
2015-11-10-15-10-59,tags,stereo_centre_01,stereo_centre_02,stereo_centre_03,stereo_centre_04,stereo_centre_05,stereo_centre_06,stereo_left_01,stereo_left_02,stereo_left_03,stereo_left_04,stereo_left_05,stereo_left_06,stereo_right_01,stereo_right_02,stereo_right_03,stereo_right_04,stereo_right_05,stereo_right_06,vo,mono_left_01,mono_left_02,mono_left_03,mono_left_04,mono_left_05,mono_left_06,mono_right_01,mono_right_02,mono_right_03,mono_right_04,mono_right_05,mono_right_06,mono_rear_01,mono_rear_02,mono_rear_03,mono_rear_04,mono_rear_05,mono_rear_06,lms_front_01,lms_front_02,lms_front_03,lms_front_04,lms_front_05,lms_front_06,lms_rear_01,lms_rear_02,lms_rear_03,lms_rear_04,lms_rear_05,lms_rear_06,ldmrs_01,ldmrs_02,ldmrs_03,ldmrs_04,ldmrs_05,ldmrs_06,gps
2015-11-11-10-02-34,tags,stereo_centre_01,stereo_centre_02,stereo_centre_03,stereo_centre_04,stereo_centre_05,stereo_centre_06,stereo_centre_07,stereo_left_01,stereo_left_02,stereo_left_03,stereo_left_04,stereo_left_05,stereo_left_06,stereo_left_07,stereo_right_01,stereo_right_02,stereo_right_03,stereo_right_04,stereo_right_05,stereo_right_06,stereo_right_07,vo,mono_left_01,mono_left_02,mono_left_03,mono_left_04,mono_left_05,mono_left_06,mono_left_07,mono_right_01,mono_right_02,mono_right_03,mono_right_04,mono_right_05,mono_right_06,mono_right_07,mono_rear_01,mono_rear_02,mono_rear_03,mono_rear_04,mono_rear_05,mono_rear_06,mono_rear_07,lms_front_01,lms_front_02,lms_front_03,lms_front_04,lms_front_05,lms_front_06,lms_front_07,lms_rear_01,lms_rear_02,lms_rear_03,lms_rear_04,lms_rear_05,lms_rear_06,lms_rear_07,ldmrs_01,ldmrs_02,ldmrs_03,ldmrs_04,ldmrs_05,ldmrs_06,ldmrs_07,gps
2015-11-11-14-13-43,tags,stereo_centre_01,stereo_centre_02,stereo_centre_03,stereo_centre_04,stereo_centre_05,stereo_centre_06,stereo_centre_07,stereo_left_01,stereo_left_02,stereo_left_03,stereo_left_04,stereo_left_05,stereo_left_06,stereo_left_07,stereo_right_01,stereo_right_02,stereo_right_03,stereo_right_04,stereo_right_05,stereo_right_06,stereo_right_07,vo,mono_left_01,mono_left_02,mono_left_03,mono_left_04,mono_left_05,mono_left_06,mono_left_07,mono_right_01,mono_right_02,mono_right_03,mono_right_04,mono_right_05,mono_right_06,mono_right_07,mono_rear_01,mono_rear_02,mono_rear_03,mono_rear_04,mono_rear_05,mono_rear_06,mono_rear_07,lms_front_01,lms_front_02,lms_front_03,lms_front_04,lms_front_05,lms_front_06,lms_front_07,lms_rear_01,lms_rear_02,lms_rear_03,lms_rear_04,lms_rear_05,lms_rear_06,lms_rear_07,ldmrs_01,ldmrs_02,ldmrs_03,ldmrs_04,ldmrs_05,ldmrs_06,ldmrs_07,gps
2015-11-12-11-22-05,tags,stereo_centre_01,stereo_centre_02,stereo_centre_03,stereo_centre_04,stereo_centre_05,stereo_centre_06,stereo_left_01,stereo_left_02,stereo_left_03,stereo_left_04,stereo_left_05,stereo_left_06,stereo_right_01,stereo_right_02,stereo_right_03,stereo_right_04,stereo_right_05,stereo_right_06,vo,mono_left_01,mono_left_02,mono_left_03,mono_left_04,mono_left_05,mono_left_06,mono_right_01,mono_right_02,mono_right_03,mono_right_04,mono_right_05,mono_right_06,mono_rear_01,mono_rear_02,mono_rear_03,mono_rear_04,mono_rear_05,mono_rear_06,lms_front_01,lms_front_02,lms_front_03,lms_front_04,lms_front_05,lms_front_06,lms_rear_01,lms_rear_02,lms_rear_03,lms_rear_04,lms_rear_05,lms_rear_06,ldmrs_01,ldmrs_02,ldmrs_03,ldmrs_04,ldmrs_05,ldmrs_06,gps
2015-11-12-13-27-51,tags,stereo_centre_01,stereo_centre_02,stereo_centre_03,stereo_centre_04,stereo_centre_05,stereo_centre_06,stereo_centre_07,stereo_left_01,stereo_left_02,stereo_left_03,stereo_left_04,stereo_left_05,stereo_left_06,stereo_left_07,stereo_right_01,stereo_right_02,stereo_right_03,stereo_right_04,stereo_right_05,stereo_right_06,stereo_right_07,vo,mono_left_01,mono_left_02,mono_left_03,mono_left_04,mono_left_05,mono_left_06,mono_left_07,mono_right_01,mono_right_02,mono_right_03,mono_right_04,mono_right_05,mono_right_06,mono_right_07,mono_rear_01,mono_rear_02,mono_rear_03,mono_rear_04,mono_rear_05,mono_rear_06,mono_rear_07,lms_front_01,lms_front_02,lms_front_03,lms_front_04,lms_front_05,lms_front_06,lms_front_07,lms_rear_01,lms_rear_02,lms_rear_03,lms_rear_04,lms_rear_05,lms_rear_06,lms_rear_07,ldmrs_01,ldmrs_02,ldmrs_03,ldmrs_04,ldmrs_05,ldmrs_06,ldmrs_07,gps
2015-11-13-10-28-08,tags,stereo_centre_01,stereo_centre_02,stereo_centre_03,stereo_centre_04,stereo_centre_05,stereo_centre_06,stereo_centre_07,stereo_centre_08,stereo_left_01,stereo_left_02,stereo_left_03,stereo_left_04,stereo_left_05,stereo_left_06,stereo_left_07,stereo_left_08,stereo_right_01,stereo_right_02,stereo_right_03,stereo_right_04,stereo_right_05,stereo_right_06,stereo_right_07,stereo_right_08,vo,mono_left_01,mono_left_02,mono_left_03,mono_left_04,mono_left_05,mono_left_06,mono_left_07,mono_left_08,mono_right_01,mono_right_02,mono_right_03,mono_right_04,mono_right_05,mono_right_06,mono_right_07,mono_right_08,mono_rear_01,mono_rear_02,mono_rear_03,mono_rear_04,mono_rear_05,mono_rear_06,mono_rear_07,mono_rear_08,lms_front_01,lms_front_02,lms_front_03,lms_front_04,lms_front_05,lms_front_06,lms_front_07,lms_front_08,lms_rear_01,lms_rear_02,lms_rear_03,lms_rear_04,lms_rear_05,lms_rear_06,lms_rear_07,lms_rear_08,ldmrs_01,ldmrs_02,ldmrs_03,ldmrs_04,ldmrs_05,ldmrs_06,ldmrs_07,ldmrs_08,gps
